Timestamp (ISO),timestamp,voltage (V),current (mA),power (mW), brand, rated_voltage,ers
2025-08-10T20:21:43.977390,1754871704, 12.04, 655.70, 7908.00, KONPWAY, 12.00,100
2025-08-10T20:21:53.974961,1754871714, 12.04, 655.30, 7900.00, KONPWAY, 12.00,100
2025-08-10T20:22:03.964771,1754871724, 12.04, 656.00, 7898.00, KONPWAY, 12.00,100
2025-08-10T20:22:13.975760,1754871734, 12.04, 655.80, 7898.00, KONPWAY, 12.00,100
2025-08-10T20:22:23.964076,1754871744, 12.05, 656.20, 7916.00, KONPWAY, 12.00,100
2025-08-10T20:22:33.972539,1754871754, 12.04, 656.60, 7900.00, KONPWAY, 12.00,100
2025-08-10T20:22:43.968527,1754871764, 12.02, 658.10, 7908.00, KONPWAY, 12.00,100
2025-08-10T20:22:53.970905,1754871774, 12.02, 658.50, 7910.00, KONPWAY, 12.00,100
2025-08-10T20:23:03.964717,1754871784, 12.02, 656.90, 7898.00, KONPWAY, 12.00,100
2025-08-10T20:23:13.971140,1754871794, 12.02, 656.60, 7894.00, KONPWAY, 12.00,100
2025-08-10T20:23:23.974002,1754871804, 12.02, 655.70, 7884.00, KONPWAY, 12.00,100
2025-08-10T20:23:33.977130,1754871814, 12.01, 656.00, 7874.00, KONPWAY, 12.00,100
2025-08-10T20:23:43.967509,1754871824, 12.02, 655.90, 7884.00, KONPWAY, 12.00,100
2025-08-10T20:23:53.971061,1754871834, 12.02, 655.60, 7880.00, KONPWAY, 12.00,100
2025-08-10T20:24:03.975623,1754871844, 12.02, 655.30, 7874.00, KONPWAY, 12.00,100
2025-08-10T20:24:13.967980,1754871854, 12.02, 655.10, 7874.00, KONPWAY, 12.00,100
2025-08-10T20:24:23.975223,1754871864, 12.02, 655.10, 7880.00, KONPWAY, 12.00,100
2025-08-10T20:24:33.961853,1754871874, 12.02, 654.60, 7868.00, KONPWAY, 12.00,100
2025-08-10T20:24:43.973224,1754871884, 12.02, 655.30, 7868.00, KONPWAY, 12.00,100
2025-08-10T20:24:53.967193,1754871894, 12.02, 655.40, 7884.00, KONPWAY, 12.00,100
2025-08-10T20:25:03.976311,1754871904, 12.02, 655.00, 7878.00, KONPWAY, 12.00,100
2025-08-10T20:25:13.976385,1754871914, 12.02, 654.20, 7868.00, KONPWAY, 12.00,100
2025-08-10T20:25:23.964721,1754871924, 12.02, 654.30, 7858.00, KONPWAY, 12.00,100
2025-08-10T20:25:33.974642,1754871934, 12.02, 653.80, 7872.00, KONPWAY, 12.00,100
2025-08-10T20:25:43.971844,1754871944, 12.02, 654.10, 7862.00, KONPWAY, 12.00,100
2025-08-10T20:25:53.968582,1754871954, 12.02, 654.40, 7868.00, KONPWAY, 12.00,100
2025-08-10T20:26:03.964509,1754871964, 12.02, 653.40, 7858.00, KONPWAY, 12.00,100
2025-08-10T20:26:13.971438,1754871974, 12.02, 654.10, 7858.00, KONPWAY, 12.00,100
2025-08-10T20:26:23.962693,1754871984, 12.02, 653.80, 7854.00, KONPWAY, 12.00,100
2025-08-10T20:26:33.971453,1754871994, 12.02, 654.10, 7852.00, KONPWAY, 12.00,100
2025-08-10T20:26:43.966426,1754872004, 12.02, 653.50, 7858.00, KONPWAY, 12.00,100
2025-08-10T20:26:53.975526,1754872014, 12.02, 653.10, 7862.00, KONPWAY, 12.00,100
2025-08-10T20:27:03.972292,1754872024, 12.02, 653.20, 7858.00, KONPWAY, 12.00,100
2025-08-10T20:27:13.964678,1754872034, 12.02, 653.50, 7848.00, KONPWAY, 12.00,100
2025-08-10T20:27:23.968202,1754872044, 12.02, 653.60, 7852.00, KONPWAY, 12.00,100
2025-08-10T20:27:33.970938,1754872054, 12.03, 652.60, 7848.00, KONPWAY, 12.00,100
2025-08-10T20:27:43.965372,1754872064, 12.02, 653.40, 7844.00, KONPWAY, 12.00,100
2025-08-10T20:27:53.972824,1754872074, 12.02, 653.10, 7852.00, KONPWAY, 12.00,100
2025-08-10T20:28:03.973648,1754872084, 12.03, 652.80, 7854.00, KONPWAY, 12.00,100
2025-08-10T20:28:13.975102,1754872094, 12.02, 652.20, 7854.00, KONPWAY, 12.00,100
2025-08-10T20:28:23.983072,54872104, 12.02, 652.60, 7848.00, KONPWAY, 12.00,100
2025-08-10T20:28:33.971962,1754872114, 12.03, 652.80, 7848.00, KONPWAY, 12.00,100
2025-08-10T20:28:43.974014,1754872124, 12.02, 652.70, 7848.00, KONPWAY, 12.00,100
2025-08-10T20:28:53.972600,1754872134, 12.02, 652.90, 7848.00, KONPWAY, 12.00,100
2025-08-10T20:29:03.975058,1754872144, 12.03, 651.70, 7848.00, KONPWAY, 12.00,100
2025-08-10T20:29:13.973685,1754872154, 12.02, 652.90, 7844.00, KONPWAY, 12.00,100
2025-08-10T20:29:23.963235,1754872164, 12.02, 652.00, 7844.00, KONPWAY, 12.00,100
2025-08-10T20:29:33.973098,1754872174, 12.03, 653.00, 7848.00, KONPWAY, 12.00,100
2025-08-10T20:29:43.962028,1754872184, 12.02, 652.00, 7838.00, KONPWAY, 12.00,100
2025-08-10T20:29:53.973836,1754872194, 12.03, 652.10, 7848.00, KONPWAY, 12.00,100
2025-08-10T20:30:03.973918,1754872204, 12.01, 653.40, 7844.00, KONPWAY, 12.00,100
2025-08-10T20:30:13.972401,1754872214, 12.01, 652.50, 7842.00, KONPWAY, 12.00,100
2025-08-10T20:30:23.972740,754872224, 12.01, 652.50, 7842.00, KONPWAY, 12.00,100
2025-08-10T20:30:33.971880,1754872234, 12.02, 652.50, 7834.00, KONPWAY, 12.00,100
2025-08-10T20:30:43.965291,1754872244, 12.02, 652.20, 7838.00, KONPWAY, 12.00,100
2025-08-10T20:30:53.964487,1754872254, 12.02, 651.90, 7838.00, KONPWAY, 12.00,100
2025-08-10T20:31:03.974711,1754872264, 12.01, 651.80, 7834.00, KONPWAY, 12.00,100
2025-08-10T20:31:13.965784,1754872274, 12.02, 651.50, 7842.00, KONPWAY, 12.00,100
2025-08-10T20:31:23.968346,1754872284, 12.02, 653.00, 7834.00, KONPWAY, 12.00,100
2025-08-10T20:31:33.974250,1754872294, 12.02, 651.50, 7832.00, KONPWAY, 12.00,100
2025-08-10T20:31:43.959996,1754872304, 12.02, 651.60, 7834.00, KONPWAY, 12.00,100
2025-08-10T20:31:53.971327,1754872314, 12.02, 651.40, 7828.00, KONPWAY, 12.00,100
2025-08-10T20:32:03.977015,1754872324, 12.01, 651.40, 7828.00, KONPWAY, 12.00,100
2025-08-10T20:32:13.966670,1754872334, 12.02, 651.20, 7822.00, KONPWAY, 12.00,100
2025-08-10T20:32:23.973806,1754872344, 12.02, 651.60, 7826.00, KONPWAY, 12.00,100
2025-08-10T20:32:33.959923,1754872354, 12.02, 651.30, 7822.00, KONPWAY, 12.00,100
2025-08-10T20:32:43.969565,1754872364, 12.01, 651.60, 7826.00, KONPWAY, 12.00,100
2025-08-10T20:32:53.966305,1754872374, 12.02, 651.20, 7826.00, KONPWAY, 12.00,100
2025-08-10T20:33:03.974021,1754872384, 12.02, 651.80, 7828.00, KONPWAY, 12.00,100
2025-08-10T20:33:13.971346,1754872394, 12.02, 651.00, 7812.00, KONPWAY, 12.00,100
2025-08-10T20:33:23.963460,1754872404, 12.02, 650.90, 7828.00, KONPWAY, 12.00,100
2025-08-10T20:33:33.968959,1754872414, 12.02, 650.10, 7812.00, KONPWAY, 12.00,100
2025-08-10T20:33:43.961095,1754872424, 12.02, 649.60, 7818.00, KONPWAY, 12.00,100
2025-08-10T20:33:53.959376,1754872434, 12.02, 650.50, 7806.00, KONPWAY, 12.00,100
2025-08-10T20:34:03.958612,1754872444, 12.01, 650.70, 7816.00, KONPWAY, 12.00,100
2025-08-10T20:34:13.967744,1754872454, 12.02, 650.00, 7818.00, KONPWAY, 12.00,100
2025-08-10T20:34:23.961541,1754872464, 12.02, 649.60, 7812.00, KONPWAY, 12.00,100
2025-08-10T20:34:33.969620,1754872474, 12.02, 649.50, 7808.00, KONPWAY, 12.00,100
2025-08-10T20:34:43.968530,1754872484, 12.02, 649.40, 7808.00, KONPWAY, 12.00,100
2025-08-10T20:34:53.958835,1754872494, 12.02, 650.00, 7806.00, KONPWAY, 12.00,100
2025-08-10T20:35:03.969031,1754872504, 12.02, 649.40, 7806.00, KONPWAY, 12.00,100
2025-08-10T20:35:13.967077,1754872514, 12.02, 649.30, 7802.00, KONPWAY, 12.00,100
2025-08-10T20:35:23.964962,1754872524, 12.02, 649.80, 7808.00, KONPWAY, 12.00,100
2025-08-10T20:35:33.973032,1754872534, 12.01, 649.20, 7798.00, KONPWAY, 12.00,100
2025-08-10T20:35:43.972545,754872544, 12.01, 649.60, 7796.00, KONPWAY, 12.00,100
2025-08-10T20:35:53.972113,1754872554, 12.01, 649.20, 7806.00, KONPWAY, 12.00,100
2025-08-10T20:36:03.971810,1754872564, 12.01, 648.90, 7786.00, KONPWAY, 12.00,100
2025-08-10T20:36:13.968580,1754872574, 12.01, 649.20, 7792.00, KONPWAY, 12.00,100
2025-08-10T20:36:23.972160,1754872584, 12.02, 649.30, 7802.00, KONPWAY, 12.00,100
2025-08-10T20:36:33.965934,1754872594, 12.01, 648.40, 7782.00, KONPWAY, 12.00,100
2025-08-10T20:36:43.971785,1754872604, 12.01, 648.30, 7792.00, KONPWAY, 12.00,100
2025-08-10T20:36:53.970667,1754872614, 12.02, 648.40, 7782.00, KONPWAY, 12.00,100
2025-08-10T20:37:03.958532,1754872624, 12.01, 648.00, 7790.00, KONPWAY, 12.00,100
2025-08-10T20:37:13.971968,1754872634, 12.01, 647.70, 7780.00, KONPWAY, 12.00,100
2025-08-10T20:37:23.970583,1754872644, 12.01, 647.60, 7786.00, KONPWAY, 12.00,100
2025-08-10T20:37:33.970286,1754872654, 12.01, 648.00, 7782.00, KONPWAY, 12.00,100
2025-08-10T20:37:43.972076,1754872664, 12.01, 648.20, 7776.00, KONPWAY, 12.00,100
2025-08-10T20:37:53.968875,1754872674, 12.01, 647.10, 7790.00, KONPWAY, 12.00,100
2025-08-10T20:38:03.969819,1754872684, 12.02, 647.30, 7770.00, KONPWAY, 12.00,100
2025-08-10T20:38:13.968404,1754872694, 12.01, 646.30, 7782.00, KONPWAY, 12.00,100
2025-08-10T20:40:28.292416,1754872828, 11.07, 645.20, 7146.00, KONPWAY, 12.00,75
2025-08-10T20:40:38.289836,1754872838, 11.07, 646.00, 7146.00, KONPWAY, 12.00,75
2025-08-10T20:40:48.286309,1754872848, 11.07, 644.40, 7128.00, KONPWAY, 12.00,75
2025-08-10T20:40:58.292953,1754872858, 11.07, 644.60, 7130.00, KONPWAY, 12.00,75
2025-08-10T20:41:08.278894,1754872868, 11.06, 645.00, 7144.00, KONPWAY, 12.00,75
2025-08-10T20:41:18.286011,1754872878, 11.07, 644.60, 7134.00, KONPWAY, 12.00,75
2025-08-10T20:41:28.281833,1754872888, 11.06, 644.00, 7128.00, KONPWAY, 12.00,75
2025-08-10T20:41:38.285882,1754872898, 11.06, 643.50, 7124.00, KONPWAY, 12.00,75
2025-08-10T20:41:48.283649,1754872908, 11.06, 644.30, 7124.00, KONPWAY, 12.00,75
2025-08-10T20:41:58.292289,1754872918, 11.07, 644.80, 7140.00, KONPWAY, 12.00,75
2025-08-10T20:42:08.292184,1754872928, 11.07, 644.60, 7136.00, KONPWAY, 12.00,75
2025-08-10T20:42:18.293095,1754872938, 11.07, 644.50, 7130.00, KONPWAY, 12.00,75
2025-08-10T20:42:28.292462,1754872948, 11.06, 644.00, 7134.00, KONPWAY, 12.00,75
2025-08-10T20:42:38.287965,1754872958, 11.06, 644.20, 7120.00, KONPWAY, 12.00,75
2025-08-10T20:42:48.281419,1754872968, 11.06, 643.60, 7110.00, KONPWAY, 12.00,75
2025-08-10T20:42:58.281786,1754872978, 11.06, 642.70, 7110.00, KONPWAY, 12.00,75
2025-08-10T20:43:08.283081,1754872988, 11.06, 642.80, 7110.00, KONPWAY, 12.00,75
2025-08-10T20:43:18.285118,1754872998, 11.06, 642.80, 7118.00, KONPWAY, 12.00,75
2025-08-10T20:43:28.292012,1754873008, 11.06, 643.50, 7120.00, KONPWAY, 12.00,75
2025-08-10T20:43:38.292021,1754873018, 11.06, 643.40, 7130.00, KONPWAY, 12.00,75
2025-08-10T20:43:48.286206,1754873028, 11.07, 644.20, 7134.00, KONPWAY, 12.00,75
2025-08-10T20:43:58.279332,1754873038, 11.07, 644.70, 7128.00, KONPWAY, 12.00,75
2025-08-10T20:44:08.282885,1754873048, 11.07, 644.00, 7120.00, KONPWAY, 12.00,75
2025-08-10T20:44:18.281969,1754873058, 11.06, 643.20, 7114.00, KONPWAY, 12.00,75
2025-08-10T20:44:28.286029,1754873068, 11.06, 643.10, 7114.00, KONPWAY, 12.00,75
2025-08-10T20:44:38.291661,1754873078, 11.06, 643.20, 7110.00, KONPWAY, 12.00,75
2025-08-10T20:44:48.291585,1754873088, 11.06, 642.70, 7108.00, KONPWAY, 12.00,75
2025-08-10T20:44:58.291247,1754873098, 11.06, 642.60, 7108.00, KONPWAY, 12.00,75
2025-08-10T20:45:08.285925,1754873108, 11.06, 643.10, 7110.00, KONPWAY, 12.00,75
2025-08-10T20:45:18.279833,1754873118, 11.06, 643.50, 7128.00, KONPWAY, 12.00,75
2025-08-10T20:45:28.290613,1754873128, 11.06, 644.20, 7124.00, KONPWAY, 12.00,75
2025-08-10T20:45:38.280997,1754873138, 11.06, 644.10, 7128.00, KONPWAY, 12.00,75
2025-08-10T20:45:48.286089,1754873148, 11.06, 644.20, 7128.00, KONPWAY, 12.00,75
2025-08-10T20:45:58.291116,1754873158, 11.06, 644.10, 7120.00, KONPWAY, 12.00,75
2025-08-10T20:46:08.277920,1754873168, 11.06, 643.30, 7120.00, KONPWAY, 12.00,75
2025-08-10T20:46:18.284836,1754873178, 11.06, 643.20, 7118.00, KONPWAY, 12.00,75
2025-08-10T20:46:28.283373,1754873188, 11.06, 642.90, 7110.00, KONPWAY, 12.00,75
2025-08-10T20:46:38.283065,1754873198, 11.06, 642.60, 7108.00, KONPWAY, 12.00,75
2025-08-10T20:46:48.281672,1754873208, 11.06, 642.50, 7100.00, KONPWAY, 12.00,75
2025-08-10T20:46:58.290376,1754873218, 11.06, 642.30, 7100.00, KONPWAY, 12.00,75
2025-08-10T20:47:08.290890,1754873228, 11.06, 642.30, 7108.00, KONPWAY, 12.00,75
2025-08-10T20:47:18.290489,54873238, 11.06, 642.50, 7104.00, KONPWAY, 12.00,75
2025-08-10T20:47:28.284062,1754873248, 11.06, 642.70, 7110.00, KONPWAY, 12.00,75
2025-08-10T20:47:38.280518,1754873258, 11.06, 642.00, 7108.00, KONPWAY, 12.00,75
2025-08-10T20:47:48.283232,1754873268, 11.06, 642.30, 7104.00, KONPWAY, 12.00,75
2025-08-10T20:47:58.286284,1754873278, 11.06, 641.80, 7104.00, KONPWAY, 12.00,75
2025-08-10T20:48:08.283659,1754873288, 11.06, 642.50, 7110.00, KONPWAY, 12.00,75
2025-08-10T20:48:18.289825,1754873298, 11.06, 642.20, 7108.00, KONPWAY, 12.00,75
2025-08-10T20:48:28.290489,1754873308, 11.06, 642.00, 7104.00, KONPWAY, 12.00,75
2025-08-10T20:48:38.290701,1754873318, 11.06, 642.10, 7104.00, KONPWAY, 12.00,75
2025-08-10T20:48:48.287129,1754873328, 11.06, 642.30, 7108.00, KONPWAY, 12.00,75
2025-08-10T20:48:58.280177,1754873338, 11.06, 641.70, 7108.00, KONPWAY, 12.00,75
2025-08-10T20:49:08.280057,54873348, 11.06, 642.40, 7100.00, KONPWAY, 12.00,75
2025-08-10T20:49:18.281355,1754873358, 11.06, 642.40, 7108.00, KONPWAY, 12.00,75
2025-08-10T20:49:28.284200,1754873368, 11.06, 642.70, 7100.00, KONPWAY, 12.00,75
2025-08-10T20:49:38.290254,1754873378, 11.06, 642.50, 7104.00, KONPWAY, 12.00,75
2025-08-10T20:49:48.290501,1754873388, 11.06, 642.20, 7104.00, KONPWAY, 12.00,75
2025-08-10T20:49:58.278871,1754873398, 11.06, 641.90, 7104.00, KONPWAY, 12.00,75
2025-08-10T20:50:08.279622,1754873408, 11.06, 642.20, 7100.00, KONPWAY, 12.00,75
2025-08-10T20:50:18.286925,1754873418, 11.06, 641.80, 7104.00, KONPWAY, 12.00,75
2025-08-10T20:50:28.285361,1754873428, 11.06, 642.60, 7104.00, KONPWAY, 12.00,75
2025-08-10T20:50:38.286106,1754873438, 11.06, 642.90, 7104.00, KONPWAY, 12.00,75
2025-08-10T20:50:48.282689,1754873448, 11.06, 642.50, 7108.00, KONPWAY, 12.00,75
2025-08-10T20:50:58.285217,1754873458, 11.06, 642.80, 7100.00, KONPWAY, 12.00,75
2025-08-10T20:51:08.289335,1754873468, 11.06, 642.80, 7114.00, KONPWAY, 12.00,75
2025-08-10T20:51:18.288928,1754873478, 11.06, 643.10, 7108.00, KONPWAY, 12.00,75
2025-08-10T20:51:28.285359,1754873488, 11.06, 643.10, 7114.00, KONPWAY, 12.00,75
2025-08-10T20:51:38.279428,1754873498, 11.06, 643.10, 7114.00, KONPWAY, 12.00,75
2025-08-10T20:51:48.276722,1754873508, 11.06, 644.10, 7120.00, KONPWAY, 12.00,75
2025-08-10T20:51:58.278268,1754873518, 11.07, 644.10, 7130.00, KONPWAY, 12.00,75
2025-08-10T20:52:08.283318,754873528, 11.07, 643.80, 7118.00, KONPWAY, 12.00,75
2025-08-10T20:52:18.285329,754873538, 11.06, 643.20, 7110.00, KONPWAY, 12.00,75
2025-08-10T20:52:28.289641,1754873548, 11.06, 642.60, 7114.00, KONPWAY, 12.00,75
2025-08-10T20:52:38.277013,1754873558, 11.06, 642.00, 7104.00, KONPWAY, 12.00,75
2025-08-10T20:52:48.276199,1754873568, 11.06, 642.30, 7104.00, KONPWAY, 12.00,75
2025-08-10T20:52:58.285398,1754873578, 11.06, 642.90, 7108.00, KONPWAY, 12.00,75
2025-08-10T20:53:08.281144,1754873588, 11.06, 642.90, 7110.00, KONPWAY, 12.00,75
2025-08-10T20:53:18.279988,1754873598, 11.07, 643.50, 7114.00, KONPWAY, 12.00,75
2025-08-10T20:53:28.282003,1754873608, 11.06, 643.70, 7118.00, KONPWAY, 12.00,75
2025-08-10T20:53:38.284251,1754873618, 11.06, 643.50, 7120.00, KONPWAY, 12.00,75
2025-08-10T20:53:48.288390,1754873628, 11.06, 644.00, 7124.00, KONPWAY, 12.00,75
2025-08-10T20:53:58.285108,1754873638, 11.07, 644.30, 7120.00, KONPWAY, 12.00,75
2025-08-10T20:54:08.279630,1754873648, 11.07, 644.00, 7130.00, KONPWAY, 12.00,75
2025-08-10T20:54:18.274980,1754873658, 11.06, 643.50, 7124.00, KONPWAY, 12.00,75
2025-08-10T20:54:28.276826,1754873668, 11.06, 643.00, 7118.00, KONPWAY, 12.00,75
2025-08-10T20:54:38.284906,1754873678, 11.07, 643.40, 7114.00, KONPWAY, 12.00,75
2025-08-10T20:54:48.281403,1754873688, 11.06, 642.80, 7110.00, KONPWAY, 12.00,75
2025-08-10T20:54:58.285054,54873698, 11.06, 641.90, 7104.00, KONPWAY, 12.00,75
2025-08-10T20:55:08.275251,1754873708, 11.06, 641.90, 7104.00, KONPWAY, 12.00,75
2025-08-10T20:55:18.274471,754873718, 11.06, 642.20, 7100.00, KONPWAY, 12.00,75
2025-08-10T20:55:28.273784,1754873728, 11.06, 642.20, 7104.00, KONPWAY, 12.00,75
2025-08-10T20:55:38.289677,1754873738, 11.06, 642.90, 7104.00, KONPWAY, 12.00,75
2025-08-10T20:55:48.281911,1754873748, 11.06, 642.90, 7110.00, KONPWAY, 12.00,75
2025-08-10T20:55:58.276331,1754873758, 11.06, 643.20, 7118.00, KONPWAY, 12.00,75
2025-08-10T20:56:08.282220,1754873768, 11.06, 644.00, 7118.00, KONPWAY, 12.00,75
2025-08-10T20:56:18.283354,1754873778, 11.07, 643.50, 7124.00, KONPWAY, 12.00,75
2025-08-10T20:56:28.282966,873788, 11.06, 643.60, 7128.00, KONPWAY, 12.00,75
2025-08-10T20:56:38.285390,1754873798, 11.06, 643.00, 7118.00, KONPWAY, 12.00,75
2025-08-10T20:56:48.287566,1754873808, 11.07, 643.10, 7118.00, KONPWAY, 12.00,75
2025-08-10T20:56:58.273987,1754873818, 11.06, 643.20, 7110.00, KONPWAY, 12.00,75
2025-08-10T21:12:36.955358,1754874756, 10.27, 358.90, 3676.00, KONPWAY, 12.00,50
2025-08-10T21:12:46.948241,1754874766, 10.26, 358.00, 3656.00, KONPWAY, 12.00,50
2025-08-10T21:12:56.958300,1754874776, 10.26, 355.10, 3630.00, KONPWAY, 12.00,50
2025-08-10T21:13:06.957976,1754874786, 10.28, 348.60, 3614.00, KONPWAY, 12.00,50
2025-08-10T21:13:16.957904,1754874796, 10.27, 347.40, 3608.00, KONPWAY, 12.00,50
2025-08-10T21:13:26.957413,1754874806, 10.28, 349.40, 3568.00, KONPWAY, 12.00,50
2025-08-10T21:13:36.958016,1754874816, 10.28, 343.90, 3532.00, KONPWAY, 12.00,50
2025-08-10T21:13:46.943742,1754874826, 10.27, 347.80, 3578.00, KONPWAY, 12.00,50
2025-08-10T21:13:56.952884,54874836, 10.27, 347.00, 3558.00, KONPWAY, 12.00,50
2025-08-10T21:14:06.955474,1754874846, 10.29, 342.20, 3526.00, KONPWAY, 12.00,50
2025-08-10T21:14:16.957278,1754874856, 10.28, 345.20, 3546.00, KONPWAY, 12.00,50
2025-08-10T21:14:26.951252,1754874866, 10.28, 345.30, 3530.00, KONPWAY, 12.00,50
2025-08-10T21:14:36.955603,1754874876, 10.28, 344.10, 3542.00, KONPWAY, 12.00,50
2025-08-10T21:14:46.956532,1754874886, 10.28, 343.70, 3512.00, KONPWAY, 12.00,50
2025-08-10T21:14:56.956404,1754874896, 10.29, 341.90, 3500.00, KONPWAY, 12.00,50
2025-08-10T21:15:06.942831,1754874906, 10.30, 339.00, 3510.00, KONPWAY, 12.00,50
2025-08-10T21:15:16.953166,1754874916, 10.29, 337.60, 3480.00, KONPWAY, 12.00,50
2025-08-10T21:15:26.956669,1754874926, 10.29, 341.00, 3494.00, KONPWAY, 12.00,50
2025-08-10T21:15:36.957603,1754874936, 10.28, 340.90, 3520.00, KONPWAY, 12.00,50
2025-08-10T21:15:46.948170,1754874946, 10.30, 338.40, 3506.00, KONPWAY, 12.00,50
2025-08-10T21:15:56.952504,1754874956, 10.28, 339.00, 3502.00, KONPWAY, 12.00,50
2025-08-10T21:16:06.953521,1754874966, 10.30, 339.00, 3502.00, KONPWAY, 12.00,50
2025-08-10T21:16:16.957028,1754874976, 10.30, 339.40, 3476.00, KONPWAY, 12.00,50
2025-08-10T21:16:26.945749,1754874986, 10.30, 338.00, 3496.00, KONPWAY, 12.00,50
2025-08-10T21:16:36.945015,1754874996, 10.30, 338.30, 3476.00, KONPWAY, 12.00,50
2025-08-10T21:16:46.956555,1754875006, 10.29, 339.30, 3502.00, KONPWAY, 12.00,50
2025-08-10T21:16:56.942608,1754875016, 10.29, 338.50, 3506.00, KONPWAY, 12.00,50
2025-08-10T21:17:06.956308,1754875026, 10.30, 335.30, 3464.00, KONPWAY, 12.00,50
2025-08-10T21:17:16.956451,1754875036, 10.30, 334.80, 3438.00, KONPWAY, 12.00,50
2025-08-10T21:17:26.954742,1754875046, 10.30, 337.70, 3460.00, KONPWAY, 12.00,50
2025-08-10T21:17:36.956485,1754875056, 10.30, 336.10, 3470.00, KONPWAY, 12.00,50
2025-08-10T21:17:46.943994,1754875066, 10.31, 334.60, 3464.00, KONPWAY, 12.00,50
2025-08-10T21:17:56.946008,1754875076, 10.30, 333.20, 3444.00, KONPWAY, 12.00,50
2025-08-10T21:18:06.956631,1754875086, 10.30, 334.70, 3494.00, KONPWAY, 12.00,50
2025-08-10T21:18:16.956299,1754875096, 10.30, 336.20, 3448.00, KONPWAY, 12.00,50
2025-08-10T21:18:26.955876,1754875106, 10.29, 337.90, 3484.00, KONPWAY, 12.00,50
2025-08-10T21:18:36.952722,1754875116, 10.30, 339.60, 3474.00, KONPWAY, 12.00,50
2025-08-10T21:18:46.952784,1754875126, 10.31, 333.80, 3444.00, KONPWAY, 12.00,50
2025-08-10T21:18:56.956379,1754875136, 10.31, 333.90, 3486.00, KONPWAY, 12.00,50
2025-08-10T21:19:06.950574,1754875146, 10.31, 334.80, 3458.00, KONPWAY, 12.00,50
2025-08-10T21:19:16.945218,1754875156, 10.31, 336.90, 3448.00, KONPWAY, 12.00,50
2025-08-10T21:19:26.954711,1754875166, 10.29, 339.00, 3480.00, KONPWAY, 12.00,50
2025-08-10T21:19:36.944401,54875176, 10.30, 336.50, 3486.00, KONPWAY, 12.00,50
2025-08-10T21:19:46.948013,1754875186, 10.30, 338.40, 3466.00, KONPWAY, 12.00,50
2025-08-10T21:19:56.953590,1754875196, 10.30, 337.00, 3476.00, KONPWAY, 12.00,50
2025-08-10T21:20:06.955468,1754875206, 10.31, 335.90, 3448.00, KONPWAY, 12.00,50
2025-08-10T21:20:16.955260,1754875216, 10.32, 333.70, 3450.00, KONPWAY, 12.00,50
2025-08-10T21:20:26.954514,1754875226, 10.32, 335.60, 3448.00, KONPWAY, 12.00,50
2025-08-10T21:20:36.942594,1754875236, 10.31, 336.60, 3474.00, KONPWAY, 12.00,50
2025-08-10T21:20:46.943616,1754875246, 10.30, 338.90, 3464.00, KONPWAY, 12.00,50
2025-08-10T21:20:56.946454,1754875256, 10.32, 333.30, 3440.00, KONPWAY, 12.00,50
2025-08-10T21:21:06.952099,1754875266, 10.30, 338.30, 3466.00, KONPWAY, 12.00,50
2025-08-10T21:21:16.953482,1754875276, 10.30, 338.10, 3484.00, KONPWAY, 12.00,50
2025-08-10T21:21:26.952043,1754875286, 10.32, 334.20, 3464.00, KONPWAY, 12.00,50
2025-08-10T21:21:36.941074,1754875296, 10.33, 333.10, 3440.00, KONPWAY, 12.00,50
2025-08-10T21:21:46.943372,1754875306, 10.32, 333.80, 3480.00, KONPWAY, 12.00,50
2025-08-10T21:21:56.940161,1754875316, 10.32, 335.00, 3458.00, KONPWAY, 12.00,50
2025-08-10T21:22:06.942108,1754875326, 10.32, 333.20, 3458.00, KONPWAY, 12.00,50
2025-08-10T21:22:16.944295,1754875336, 10.32, 334.30, 3484.00, KONPWAY, 12.00,50
2025-08-10T21:22:26.947299,1754875346, 10.32, 332.90, 3440.00, KONPWAY, 12.00,50
2025-08-10T21:22:36.951433,1754875356, 10.31, 337.70, 3466.00, KONPWAY, 12.00,50
2025-08-10T21:22:46.952980,1754875366, 10.32, 332.30, 3430.00, KONPWAY, 12.00,50
2025-08-10T21:22:56.955201,1754875376, 10.32, 333.90, 3466.00, KONPWAY, 12.00,50
2025-08-10T21:23:06.954860,1754875386, 10.32, 336.90, 3470.00, KONPWAY, 12.00,50
2025-08-10T21:23:16.952514,1754875396, 10.31, 338.40, 3484.00, KONPWAY, 12.00,50
2025-08-10T21:23:26.953647,1754875406, 10.33, 333.80, 3460.00, KONPWAY, 12.00,50
2025-08-10T21:23:36.945510,1754875416, 10.31, 338.30, 3484.00, KONPWAY, 12.00,50
2025-08-10T21:23:46.947964,1754875426, 10.32, 336.90, 3458.00, KONPWAY, 12.00,50
2025-08-10T21:23:56.954267,1754875436, 10.32, 336.50, 3490.00, KONPWAY, 12.00,50
2025-08-10T21:24:06.954087,1754875446, 10.33, 333.80, 3460.00, KONPWAY, 12.00,50
2025-08-10T21:24:16.943180,1754875456, 10.32, 334.30, 3474.00, KONPWAY, 12.00,50
2025-08-10T21:24:26.953076,1754875466, 10.31, 338.70, 3484.00, KONPWAY, 12.00,50
2025-08-10T21:24:36.953464,1754875476, 10.31, 337.90, 3466.00, KONPWAY, 12.00,50
2025-08-10T21:24:46.950902,1754875486, 10.32, 335.10, 3476.00, KONPWAY, 12.00,50
2025-08-10T21:24:56.954140,1754875496, 10.33, 337.70, 3454.00, KONPWAY, 12.00,50
2025-08-10T21:25:06.947765,1754875506, 10.32, 338.60, 3484.00, KONPWAY, 12.00,50
2025-08-10T21:25:16.950202,1754875516, 10.33, 335.60, 3474.00, KONPWAY, 12.00,50
2025-08-10T21:25:26.952037,1754875526, 10.33, 332.60, 3440.00, KONPWAY, 12.00,50
2025-08-10T21:25:36.954100,1754875536, 10.33, 338.70, 3476.00, KONPWAY, 12.00,50
2025-08-10T21:25:46.954047,1754875546, 10.32, 337.50, 3494.00, KONPWAY, 12.00,50
2025-08-10T21:25:56.952149,1754875556, 10.31, 338.60, 3496.00, KONPWAY, 12.00,50
2025-08-10T21:26:06.954020,1754875566, 10.32, 338.90, 3486.00, KONPWAY, 12.00,50
2025-08-10T21:26:16.944381,1754875576, 10.32, 339.00, 3476.00, KONPWAY, 12.00,50
2025-08-10T21:26:26.947324,1754875586, 10.32, 336.90, 3470.00, KONPWAY, 12.00,50
2025-08-10T21:26:36.947469,1754875596, 10.33, 336.40, 3458.00, KONPWAY, 12.00,50
2025-08-10T21:26:46.953162,1754875606, 10.34, 334.50, 3484.00, KONPWAY, 12.00,50
2025-08-10T21:26:56.950590,1754875616, 10.34, 333.70, 3444.00, KONPWAY, 12.00,50
2025-08-10T21:27:06.950180,1754875626, 10.32, 338.80, 3490.00, KONPWAY, 12.00,50
2025-08-10T21:27:16.945423,1754875636, 10.33, 334.80, 3494.00, KONPWAY, 12.00,50
2025-08-10T21:27:26.945940,1754875646, 10.32, 339.30, 3484.00, KONPWAY, 12.00,50
2025-08-10T21:27:36.946934,1754875656, 10.32, 339.80, 3500.00, KONPWAY, 12.00,50
2025-08-10T21:27:46.949640,1754875666, 10.32, 337.80, 3486.00, KONPWAY, 12.00,50
2025-08-10T21:27:56.952897,1754875676, 10.32, 339.30, 3490.00, KONPWAY, 12.00,50
2025-08-10T21:28:06.953121,1754875686, 10.34, 336.60, 3470.00, KONPWAY, 12.00,50
2025-08-10T21:28:16.951051,1754875696, 10.33, 335.40, 3490.00, KONPWAY, 12.00,50
2025-08-10T21:28:26.940008,1754875706, 10.32, 338.30, 3500.00, KONPWAY, 12.00,50
2025-08-10T21:28:36.952158,1754875716, 10.34, 336.20, 3460.00, KONPWAY, 12.00,50
2025-08-10T21:28:46.950248,1754875726, 10.34, 334.70, 3486.00, KONPWAY, 12.00,50
2025-08-10T21:28:56.947818,1754875736, 10.33, 337.00, 3500.00, KONPWAY, 12.00,50
2025-08-10T21:29:06.952304,1754875746, 10.32, 337.90, 3506.00, KONPWAY, 12.00,50
2025-08-10T21:31:57.821306,754875917, 9.03, 15.40, 132.00, KONPWAY, 12.00,25
2025-08-10T21:32:07.824177,1754875927, 9.03, 14.20, 138.00, KONPWAY, 12.00,25
2025-08-10T21:32:17.826642,1754875937, 9.02, 13.80, 138.00, KONPWAY, 12.00,25
2025-08-10T21:32:27.813026,1754875947, 9.04, 12.90, 128.00, KONPWAY, 12.00,25
2025-08-10T21:32:37.822681,1754875957, 9.04, 15.00, 114.00, KONPWAY, 12.00,25
2025-08-10T21:32:47.815642,1754875967, 9.02, 13.00, 122.00, KONPWAY, 12.00,25
2025-08-10T21:32:57.824697,1754875977, 9.04, 13.70, 112.00, KONPWAY, 12.00,25
2025-08-10T21:33:07.822276,1754875987, 9.03, 12.70, 114.00, KONPWAY, 12.00,25
2025-08-10T21:33:17.821370,4875997, 9.02, 12.40, 124.00, KONPWAY, 12.00,25
2025-08-10T21:33:27.826659,54876007, 9.03, 11.70, 124.00, KONPWAY, 12.00,25
2025-08-10T21:33:37.811365,1754876017, 9.03, 11.70, 122.00, KONPWAY, 12.00,25
2025-08-10T21:33:47.813349,1754876027, 9.05, 12.20, 108.00, KONPWAY, 12.00,25
2025-08-10T21:33:57.817103,1754876037, 9.04, 12.00, 108.00, KONPWAY, 12.00,25
2025-08-10T21:34:07.816975,1754876047, 9.03, 11.20, 122.00, KONPWAY, 12.00,25
2025-08-10T21:34:17.819232,1754876057, 9.03, 11.30, 118.00, KONPWAY, 12.00,25
2025-08-10T21:34:27.820798,1754876067, 9.03, 11.10, 112.00, KONPWAY, 12.00,25
2025-08-10T21:34:37.822266,1754876077, 9.03, 11.10, 114.00, KONPWAY, 12.00,25
2025-08-10T21:34:47.824261,1754876087, 9.04, 11.70, 96.00, KONPWAY, 12.00,25
2025-08-10T21:34:57.825671,1754876097, 9.05, 10.90, 96.00, KONPWAY, 12.00,25
2025-08-10T21:35:07.822576,1754876107, 9.06, 10.40, 102.00, KONPWAY, 12.00,25
2025-08-10T21:35:17.825555,1754876117, 9.06, 11.70, 98.00, KONPWAY, 12.00,25
2025-08-10T21:35:27.824049,1754876127, 9.05, 10.40, 96.00, KONPWAY, 12.00,25
2025-08-10T21:35:37.815335,1754876137, 9.06, 11.60, 96.00, KONPWAY, 12.00,25
2025-08-10T21:35:47.824479,1754876147, 9.04, 10.60, 108.00, KONPWAY, 12.00,25
2025-08-10T21:35:57.820937,1754876157, 9.06, 12.40, 96.00, KONPWAY, 12.00,25
2025-08-10T21:36:07.825551,1754876167, 9.05, 9.90, 104.00, KONPWAY, 12.00,25
2025-08-10T21:36:17.821888,1754876177, 9.06, 9.80, 98.00, KONPWAY, 12.00,25
2025-08-10T21:36:27.812798,1754876187, 9.05, 10.30, 102.00, KONPWAY, 12.00,25
2025-08-10T21:36:37.825401,1754876197, 9.04, 10.40, 98.00, KONPWAY, 12.00,25
2025-08-10T21:36:47.813021,1754876207, 9.04, 10.20, 98.00, KONPWAY, 12.00,25
2025-08-10T21:36:57.815198,1754876217, 9.07, 9.60, 98.00, KONPWAY, 12.00,25
2025-08-10T21:37:07.822288,1754876227, 9.05, 10.20, 104.00, KONPWAY, 12.00,25
2025-08-10T21:37:17.825184,1754876237, 9.07, 10.50, 92.00, KONPWAY, 12.00,25
2025-08-10T21:37:27.824815,1754876247, 9.05, 9.60, 104.00, KONPWAY, 12.00,25
2025-08-10T21:37:37.810426,1754876257, 9.06, 10.60, 86.00, KONPWAY, 12.00,25
2025-08-10T21:37:47.824775,1754876267, 9.08, 9.40, 92.00, KONPWAY, 12.00,25
2025-08-10T21:37:57.823132,1754876277, 9.06, 10.60, 86.00, KONPWAY, 12.00,25
2025-08-10T21:38:07.817064,1754876287, 9.06, 11.00, 86.00, KONPWAY, 12.00,25
2025-08-10T21:38:17.814768,1754876297, 9.07, 9.40, 96.00, KONPWAY, 12.00,25
2025-08-10T21:38:27.823430,1754876307, 9.07, 9.20, 96.00, KONPWAY, 12.00,25
2025-08-10T21:38:37.820739,1754876317, 9.07, 10.20, 82.00, KONPWAY, 12.00,25
2025-08-10T21:38:47.824846,1754876327, 9.07, 10.60, 86.00, KONPWAY, 12.00,25
2025-08-10T21:38:57.812425,1754876337, 9.06, 9.00, 96.00, KONPWAY, 12.00,25
2025-08-10T21:39:07.822474,1754876347, 9.08, 9.00, 88.00, KONPWAY, 12.00,25
2025-08-10T21:39:17.825250,4876357, 9.07, 10.70, 86.00, KONPWAY, 12.00,25
2025-08-10T21:39:27.822768,1754876367, 9.07, 10.60, 82.00, KONPWAY, 12.00,25
2025-08-10T21:39:37.822128,1754876377, 9.06, 9.60, 92.00, KONPWAY, 12.00,25
2025-08-10T21:39:47.823531,1754876387, 9.08, 10.60, 82.00, KONPWAY, 12.00,25
2025-08-10T21:39:57.818979,1754876397, 9.06, 9.50, 86.00, KONPWAY, 12.00,25
2025-08-10T21:40:07.823649,1754876407, 9.08, 10.70, 86.00, KONPWAY, 12.00,25
2025-08-10T21:40:17.823962,1754876417, 9.08, 9.00, 88.00, KONPWAY, 12.00,25
2025-08-10T21:40:27.822233,1754876427, 9.08, 8.80, 88.00, KONPWAY, 12.00,25
2025-08-10T21:40:37.810217,1754876437, 9.07, 9.00, 96.00, KONPWAY, 12.00,25
2025-08-10T21:40:47.820016,1754876447, 9.08, 10.70, 86.00, KONPWAY, 12.00,25
2025-08-10T21:40:57.816661,1754876457, 9.06, 9.20, 92.00, KONPWAY, 12.00,25
2025-08-10T21:41:07.821870,1754876467, 9.06, 9.00, 96.00, KONPWAY, 12.00,25
2025-08-10T21:41:17.822996,1754876477, 9.06, 8.80, 96.00, KONPWAY, 12.00,25
2025-08-10T21:41:27.822607,1754876487, 9.07, 9.10, 76.00, KONPWAY, 12.00,25
2025-08-10T21:41:37.823037,1754876497, 9.08, 8.80, 92.00, KONPWAY, 12.00,25
2025-08-10T21:41:47.821863,1754876507, 9.07, 9.00, 86.00, KONPWAY, 12.00,25
2025-08-10T21:41:57.818686,1754876517, 9.07, 8.80, 96.00, KONPWAY, 12.00,25
2025-08-10T21:42:07.824345,754876527, 9.07, 9.10, 96.00, KONPWAY, 12.00,25
2025-08-10T21:42:17.823399,1754876537, 9.07, 9.40, 78.00, KONPWAY, 12.00,25
2025-08-10T21:42:27.818205,1754876547, 9.08, 8.70, 88.00, KONPWAY, 12.00,25
2025-08-10T21:42:37.817342,1754876557, 9.09, 9.40, 88.00, KONPWAY, 12.00,25
2025-08-10T21:42:47.822394,1754876567, 9.08, 10.40, 82.00, KONPWAY, 12.00,25
2025-08-10T21:42:57.823105,1754876577, 9.07, 8.90, 96.00, KONPWAY, 12.00,25
2025-08-10T21:43:07.822489,1754876587, 9.08, 8.70, 76.00, KONPWAY, 12.00,25
2025-08-10T21:43:17.820114,1754876597, 9.08, 9.20, 88.00, KONPWAY, 12.00,25
2025-08-10T21:43:27.821392,1754876607, 9.09, 10.70, 78.00, KONPWAY, 12.00,25
2025-08-10T21:43:37.817273,1754876617, 9.10, 8.40, 82.00, KONPWAY, 12.00,25
2025-08-10T21:43:47.821203,1754876627, 9.08, 9.60, 82.00, KONPWAY, 12.00,25
2025-08-10T21:43:57.817832,54876637, 9.10, 8.50, 86.00, KONPWAY, 12.00,25
2025-08-10T21:44:07.823042,1754876647, 9.08, 9.80, 78.00, KONPWAY, 12.00,25
2025-08-10T21:44:17.816010,1754876657, 9.09, 8.80, 86.00, KONPWAY, 12.00,25
2025-08-10T21:44:27.821526,1754876667, 9.09, 9.70, 78.00, KONPWAY, 12.00,25
2025-08-10T21:44:37.821079,1754876677, 9.08, 9.20, 88.00, KONPWAY, 12.00,25
2025-08-10T21:44:47.822548,1754876687, 9.08, 9.60, 76.00, KONPWAY, 12.00,25
2025-08-10T21:44:57.812007,1754876697, 9.10, 8.70, 82.00, KONPWAY, 12.00,25
2025-08-10T21:45:07.819857,1754876707, 9.08, 9.00, 88.00, KONPWAY, 12.00,25
2025-08-10T21:45:17.819605,1754876717, 9.08, 8.70, 78.00, KONPWAY, 12.00,25
2025-08-10T21:45:27.821347,1754876727, 9.10, 8.50, 86.00, KONPWAY, 12.00,25
2025-08-10T21:45:37.811520,1754876737, 9.10, 9.20, 82.00, KONPWAY, 12.00,25
2025-08-10T21:45:47.820494,1754876747, 9.08, 9.40, 86.00, KONPWAY, 12.00,25
2025-08-10T21:45:57.822268,1754876757, 9.08, 8.80, 92.00, KONPWAY, 12.00,25
2025-08-10T21:46:07.810617,1754876767, 9.08, 9.10, 88.00, KONPWAY, 12.00,25
2025-08-10T21:46:17.811390,1754876777, 9.11, 8.40, 82.00, KONPWAY, 12.00,25
2025-08-10T21:46:27.821824,1754876787, 9.10, 9.00, 82.00, KONPWAY, 12.00,25
2025-08-10T21:46:37.822263,1754876797, 9.10, 9.60, 82.00, KONPWAY, 12.00,25
2025-08-10T21:46:47.818544,1754876807, 9.09, 9.60, 78.00, KONPWAY, 12.00,25
2025-08-10T21:46:57.820091,1754876817, 9.08, 8.90, 88.00, KONPWAY, 12.00,25
2025-08-10T21:47:07.819186,1754876827, 9.10, 8.60, 82.00, KONPWAY, 12.00,25
2025-08-10T21:47:17.807334,1754876837, 9.09, 9.20, 76.00, KONPWAY, 12.00,25
2025-08-10T21:47:27.811097,1754876847, 9.10, 10.30, 78.00, KONPWAY, 12.00,25
2025-08-10T21:47:37.811387,1754876857, 9.08, 8.80, 92.00, KONPWAY, 12.00,25
2025-08-10T21:47:47.814035,1754876867, 9.08, 8.70, 96.00, KONPWAY, 12.00,25
2025-08-10T21:47:57.820650,1754876877, 9.10, 8.40, 86.00, KONPWAY, 12.00,25
2025-08-10T21:48:07.815484,1754876887, 9.11, 8.60, 86.00, KONPWAY, 12.00,25
2025-08-10T21:48:17.818278,1754876897, 9.10, 8.30, 76.00, KONPWAY, 12.00,25
2025-08-10T21:48:27.819399,1754876907, 9.10, 8.30, 86.00, KONPWAY, 12.00,25
2025-08-10T22:08:55.101540,1754878135, 12.07, 502.80, 6062.00, Haian, 12.00,100
2025-08-10T22:09:02.745723,1754878142, 12.07, 502.50, 6066.00, Haian, 12.00,100
2025-08-10T22:09:12.733830,1754878152, 12.06, 501.70, 6058.00, Haian, 12.00,100
2025-08-10T22:09:22.735945,1754878162, 12.06, 501.70, 6058.00, Haian, 12.00,100
2025-08-10T22:09:32.748276,878172, 12.06, 501.90, 6058.00, Haian, 12.00,100
2025-08-10T22:09:42.734934,1754878182, 12.06, 501.90, 6058.00, Haian, 12.00,100
2025-08-10T22:09:52.738172,1754878192, 12.06, 501.20, 6056.00, Haian, 12.00,100
2025-08-10T22:10:02.740375,1754878202, 12.06, 502.10, 6046.00, Haian, 12.00,100
2025-08-10T22:10:12.744764,1754878212, 12.05, 501.20, 6050.00, Haian, 12.00,100
2025-08-10T22:10:22.745024,1754878222, 12.05, 501.60, 6050.00, Haian, 12.00,100
2025-08-10T22:10:32.735198,1754878232, 12.06, 502.00, 6046.00, Haian, 12.00,100
2025-08-10T22:10:42.735463,1754878242, 12.05, 501.60, 6042.00, Haian, 12.00,100
2025-08-10T22:10:52.742429,1754878252, 12.05, 501.20, 6052.00, Haian, 12.00,100
2025-08-10T22:11:02.739436,1754878262, 12.04, 501.70, 6030.00, Haian, 12.00,100
2025-08-10T22:11:12.739513,1754878272, 12.04, 501.00, 6040.00, Haian, 12.00,100
2025-08-10T22:11:22.740711,1754878282, 12.04, 501.60, 6040.00, Haian, 12.00,100
2025-08-10T22:11:32.743078,1754878292, 12.04, 501.90, 6042.00, Haian, 12.00,100
2025-08-10T22:11:42.747162,1754878302, 12.04, 501.40, 6042.00, Haian, 12.00,100
2025-08-10T22:11:52.746784,1754878312, 12.04, 501.10, 6032.00, Haian, 12.00,100
2025-08-10T22:12:02.746412,1754878322, 12.03, 501.10, 6046.00, Haian, 12.00,100
2025-08-10T22:12:12.739065,1754878332, 12.03, 500.90, 6030.00, Haian, 12.00,100
2025-08-10T22:12:22.742420,1754878342, 12.02, 501.30, 6032.00, Haian, 12.00,100
2025-08-10T22:12:32.740853,1754878352, 12.02, 501.00, 6026.00, Haian, 12.00,100
2025-08-10T22:12:42.751153,1754878362, 12.03, 501.30, 6026.00, Haian, 12.00,100
2025-08-10T22:12:52.743015,1754878372, 12.03, 501.70, 6022.00, Haian, 12.00,100
2025-08-10T22:13:02.746392,1754878382, 12.02, 501.60, 6036.00, Haian, 12.00,100
2025-08-10T22:13:12.733076,1754878392, 12.02, 501.30, 6026.00, Haian, 12.00,100
2025-08-10T22:13:22.746605,1754878402, 12.02, 501.10, 6022.00, Haian, 12.00,100
2025-08-10T22:13:32.738321,1754878412, 12.02, 501.50, 6032.00, Haian, 12.00,100
2025-08-10T22:13:42.739297,1754878422, 12.02, 501.30, 6030.00, Haian, 12.00,100
2025-08-10T22:15:18.139330,1754878432, 12.01, 501.40, 6026.00, Haian, 12.00,100
2025-08-10T22:15:18.202361,1754878442, 12.01, 501.90, 6036.00, Haian, 12.00,100
2025-08-10T22:15:18.282865,1754878452, 12.02, 501.30, 6030.00, Haian, 12.00,100
2025-08-10T22:15:18.336109,1754878462, 12.01, 501.90, 6022.00, Haian, 12.00,100
2025-08-10T22:15:18.340148,1754878472, 12.00, 501.70, 6030.00, Haian, 12.00,100
2025-08-10T22:15:18.645936,1754878482, 12.01, 501.30, 6026.00, Haian, 12.00,100
2025-08-10T22:15:18.772709,1754878492, 12.01, 502.00, 6022.00, Haian, 12.00,100
2025-08-10T22:15:18.810234,1754878502, 12.01, 500.90, 6020.00, Haian, 12.00,100
2025-08-10T22:15:18.842958,1754878512, 12.00, 501.30, 6030.00, Haian, 12.00,100
2025-08-10T22:15:22.745452,1754878522, 12.01, 501.20, 6026.00, Haian, 12.00,100
2025-08-10T22:15:32.742177,1754878532, 12.01, 501.20, 6022.00, Haian, 12.00,100
2025-08-10T22:15:42.742944,1754878542, 12.00, 501.70, 6020.00, Haian, 12.00,100
2025-08-10T22:15:52.732469,1754878552, 12.00, 501.00, 6020.00, Haian, 12.00,100
2025-08-10T22:16:02.742967,1754878562, 12.00, 502.00, 6020.00, Haian, 12.00,100
2025-08-10T22:16:12.745511,1754878572, 12.00, 502.20, 6022.00, Haian, 12.00,100
2025-08-10T22:16:22.741672,1754878582, 11.99, 501.60, 6014.00, Haian, 12.00,100
2025-08-10T22:16:32.743917,1754878592, 11.99, 501.50, 6026.00, Haian, 12.00,100
2025-08-10T22:16:42.738435,1754878602, 11.99, 502.50, 6014.00, Haian, 12.00,100
2025-08-10T22:16:52.744283,1754878612, 11.99, 501.00, 6022.00, Haian, 12.00,100
2025-08-10T22:17:02.743663,1754878622, 11.99, 500.60, 6016.00, Haian, 12.00,100
2025-08-10T22:17:12.741696,1754878632, 11.99, 502.00, 6022.00, Haian, 12.00,100
2025-08-10T22:17:22.742742,1754878642, 11.99, 502.20, 6022.00, Haian, 12.00,100
2025-08-10T22:17:32.744876,1754878652, 11.99, 500.40, 6010.00, Haian, 12.00,100
2025-08-10T22:17:42.737982,1754878662, 11.98, 502.40, 6020.00, Haian, 12.00,100
2025-08-10T22:17:52.737523,1754878672, 11.98, 501.30, 6020.00, Haian, 12.00,100
2025-08-10T22:18:02.742438,1754878682, 11.99, 502.30, 6014.00, Haian, 12.00,100
2025-08-10T22:18:12.743858,1754878692, 11.98, 501.20, 6020.00, Haian, 12.00,100
2025-08-10T22:18:22.740859,1754878702, 11.98, 501.50, 6010.00, Haian, 12.00,100
2025-08-10T22:18:32.743578,1754878712, 11.98, 501.70, 6022.00, Haian, 12.00,100
2025-08-10T22:18:42.744388,1754878722, 11.98, 501.60, 6016.00, Haian, 12.00,100
2025-08-10T22:18:52.737099,1754878732, 11.98, 501.90, 6020.00, Haian, 12.00,100
2025-08-10T22:19:02.734433,1754878742, 11.98, 502.50, 6014.00, Haian, 12.00,100
2025-08-10T22:19:12.737382,1754878752, 11.98, 502.50, 6016.00, Haian, 12.00,100
2025-08-10T22:19:22.740384,1754878762, 11.98, 502.30, 6010.00, Haian, 12.00,100
2025-08-10T22:19:32.742726,1754878772, 11.98, 501.20, 6014.00, Haian, 12.00,100
2025-08-10T22:19:42.744354,1754878782, 11.97, 501.50, 6016.00, Haian, 12.00,100
2025-08-10T22:19:52.743672,1754878792, 11.98, 502.30, 6020.00, Haian, 12.00,100
2025-08-10T22:20:02.730087,1754878802, 11.97, 501.90, 6006.00, Haian, 12.00,100
2025-08-10T22:20:12.738048,1754878812, 11.97, 502.30, 6014.00, Haian, 12.00,100
2025-08-10T22:20:22.734121,1754878822, 11.97, 501.80, 6004.00, Haian, 12.00,100
2025-08-10T22:20:32.743251,1754878832, 11.97, 502.10, 6016.00, Haian, 12.00,100
2025-08-10T22:20:42.740309,1754878842, 11.97, 501.90, 6014.00, Haian, 12.00,100
2025-08-10T22:20:52.742600,1754878852, 11.97, 501.70, 6022.00, Haian, 12.00,100
2025-08-10T22:21:02.740452,1754878862, 11.97, 502.40, 6014.00, Haian, 12.00,100
2025-08-10T22:21:12.742485,1754878872, 11.97, 502.20, 6014.00, Haian, 12.00,100
2025-08-10T22:44:36.161326,1754878882, 11.96, 502.40, 6014.00, Haian, 12.00,100
2025-08-10T22:44:36.254533,1754878892, 11.97, 501.80, 6014.00, Haian, 12.00,100
2025-08-10T22:44:36.377967,1754878902, 11.96, 502.10, 6010.00, Haian, 12.00,100
2025-08-10T22:44:36.408385,1754878912, 11.96, 502.00, 6014.00, Haian, 12.00,100
2025-08-10T22:44:36.444092,1754878922, 11.96, 502.20, 6020.00, Haian, 12.00,100
2025-08-10T22:44:36.618172,1754878932, 11.96, 501.50, 6010.00, Haian, 12.00,100
2025-08-10T22:44:36.928701,1754878942, 11.96, 502.20, 6020.00, Haian, 12.00,100
2025-08-10T22:44:37.104005,1754878952, 11.96, 502.40, 6006.00, Haian, 12.00,100
2025-08-10T22:44:37.230346,1754878962, 11.96, 502.20, 6014.00, Haian, 12.00,100
2025-08-10T22:44:37.345310,1754878972, 11.96, 501.90, 6006.00, Haian, 12.00,100
2025-08-10T22:44:37.470300,1754878982, 11.96, 502.00, 6014.00, Haian, 12.00,100
2025-08-10T22:44:37.609160,1754878992, 11.96, 502.60, 6014.00, Haian, 12.00,100
2025-08-10T22:44:37.697754,1754879002, 11.96, 501.90, 6010.00, Haian, 12.00,100
2025-08-10T22:44:37.827469,1754879012, 11.96, 502.40, 6010.00, Haian, 12.00,100
2025-08-10T22:44:38.016431,1754879022, 11.95, 502.40, 6014.00, Haian, 12.00,100
2025-08-10T22:44:38.064375,1754879032, 11.96, 502.40, 6010.00, Haian, 12.00,100
2025-08-10T22:44:38.092583,1754879042, 11.96, 502.30, 6014.00, Haian, 12.00,100
2025-08-10T22:44:38.111415,1754879052, 11.96, 502.40, 6006.00, Haian, 12.00,100
2025-08-10T22:44:38.129452,1754879062, 11.95, 502.30, 6010.00, Haian, 12.00,100
2025-08-10T22:44:38.208441,1754879072, 11.95, 502.30, 6006.00, Haian, 12.00,100
2025-08-10T22:44:38.307727,1754879082, 11.96, 502.70, 6010.00, Haian, 12.00,100
2025-08-10T22:44:38.391810,4879092, 11.96, 502.10, 6004.00, Haian, 12.00,100
2025-08-10T22:44:38.467063,754879102, 11.95, 502.70, 6004.00, Haian, 12.00,100
2025-08-10T22:44:38.540129,1754879112, 11.96, 501.90, 6004.00, Haian, 12.00,100
2025-08-10T22:44:38.572058,1754879122, 11.95, 502.20, 6006.00, Haian, 12.00,100
2025-08-10T22:45:20.566083,1754880320, 10.88, 557.00, 6062.00, Haian, 12.00,75
2025-08-10T22:45:30.569202,1754880330, 10.88, 558.10, 6062.00, Haian, 12.00,75
2025-08-10T22:45:40.558381,1754880340, 10.87, 557.60, 6058.00, Haian, 12.00,75
2025-08-10T22:45:50.563915,1754880350, 10.86, 558.00, 6066.00, Haian, 12.00,75
2025-08-10T22:46:00.567301,1754880360, 10.87, 558.30, 6068.00, Haian, 12.00,75
2025-08-10T22:46:10.553921,1754880370, 10.87, 557.10, 6068.00, Haian, 12.00,75
2025-08-10T22:46:20.564055,1754880380, 10.87, 557.50, 6066.00, Haian, 12.00,75
2025-08-10T22:46:30.565449,1754880390, 10.87, 557.50, 6066.00, Haian, 12.00,75
2025-08-10T22:46:40.567999,1754880400, 10.86, 557.30, 6066.00, Haian, 12.00,75
2025-08-10T22:46:50.564427,1754880410, 10.87, 558.80, 6068.00, Haian, 12.00,75
2025-08-10T22:47:00.558244,1754880420, 10.87, 558.50, 6058.00, Haian, 12.00,75
2025-08-10T22:47:10.563501,1754880430, 10.87, 558.00, 6058.00, Haian, 12.00,75
2025-08-10T22:47:20.567747,1754880440, 10.86, 557.50, 6068.00, Haian, 12.00,75
2025-08-10T22:47:30.559435,1754880450, 10.87, 558.10, 6066.00, Haian, 12.00,75
2025-08-10T22:47:40.555929,1754880460, 10.87, 558.50, 6058.00, Haian, 12.00,75
2025-08-10T22:47:50.558106,1754880470, 10.87, 557.90, 6058.00, Haian, 12.00,75
2025-08-10T22:48:00.561613,1754880480, 10.86, 557.60, 6072.00, Haian, 12.00,75
2025-08-10T22:48:10.557299,1754880490, 10.87, 558.30, 6062.00, Haian, 12.00,75
2025-08-10T22:48:20.562160,1754880500, 10.86, 557.60, 6062.00, Haian, 12.00,75
2025-08-10T22:48:30.569143,1754880510, 10.87, 557.80, 6066.00, Haian, 12.00,75
2025-08-10T22:48:40.567214,1754880520, 10.86, 558.20, 6066.00, Haian, 12.00,75
2025-08-10T22:48:50.553713,1754880530, 10.87, 557.90, 6072.00, Haian, 12.00,75
2025-08-10T22:49:00.562480,1754880540, 10.87, 557.80, 6066.00, Haian, 12.00,75
2025-08-10T22:49:10.562437,1754880550, 10.86, 558.20, 6066.00, Haian, 12.00,75
2025-08-10T22:49:20.568587,754880560, 10.86, 557.50, 6052.00, Haian, 12.00,75
2025-08-10T22:49:30.556674,1754880570, 10.86, 557.80, 6066.00, Haian, 12.00,75
2025-08-10T22:49:40.561150,1754880580, 10.86, 557.30, 6066.00, Haian, 12.00,75
2025-08-10T22:49:50.562811,1754880590, 10.86, 558.10, 6066.00, Haian, 12.00,75
2025-08-10T22:50:00.566978,1754880600, 10.86, 557.90, 6066.00, Haian, 12.00,75
2025-08-10T22:50:10.566672,1754880610, 10.86, 557.80, 6072.00, Haian, 12.00,75
2025-08-10T22:50:20.567287,1754880620, 10.86, 558.00, 6066.00, Haian, 12.00,75
2025-08-10T22:50:30.558206,1754880630, 10.87, 558.50, 6058.00, Haian, 12.00,75
2025-08-10T22:50:40.554629,4880640, 10.86, 558.30, 6062.00, Haian, 12.00,75
2025-08-10T22:50:50.558260,1754880650, 10.86, 558.20, 6068.00, Haian, 12.00,75
2025-08-10T22:51:00.559930,1754880660, 10.86, 558.20, 6066.00, Haian, 12.00,75
2025-08-10T22:51:10.561933,1754880670, 10.86, 558.00, 6066.00, Haian, 12.00,75
2025-08-10T22:51:20.566488,1754880680, 10.86, 558.40, 6062.00, Haian, 12.00,75
2025-08-10T22:51:30.559552,1754880690, 10.86, 557.70, 6058.00, Haian, 12.00,75
2025-08-10T22:51:40.556169,1754880700, 10.86, 558.60, 6066.00, Haian, 12.00,75
2025-08-10T22:51:50.567235,1754880710, 10.86, 558.60, 6068.00, Haian, 12.00,75
2025-08-10T22:52:00.558019,1754880720, 10.86, 558.10, 6068.00, Haian, 12.00,75
2025-08-10T22:52:10.558612,1754880730, 10.86, 557.60, 6066.00, Haian, 12.00,75
2025-08-10T22:52:20.563902,754880740, 10.86, 558.20, 6062.00, Haian, 12.00,75
2025-08-10T22:52:30.564199,1754880750, 10.86, 559.30, 6066.00, Haian, 12.00,75
2025-08-10T22:52:40.566235,1754880760, 10.86, 558.30, 6068.00, Haian, 12.00,75
2025-08-10T22:52:50.561775,1754880770, 10.86, 557.30, 6058.00, Haian, 12.00,75
2025-08-10T22:53:00.561787,1754880780, 10.86, 558.70, 6066.00, Haian, 12.00,75
2025-08-10T22:53:10.566466,1754880790, 10.86, 559.20, 6068.00, Haian, 12.00,75
2025-08-10T22:53:20.555925,1754880800, 10.86, 558.10, 6062.00, Haian, 12.00,75
2025-08-10T22:53:30.561654,54880810, 10.86, 558.50, 6058.00, Haian, 12.00,75
2025-08-10T22:53:40.559168,1754880820, 10.86, 558.40, 6058.00, Haian, 12.00,75
2025-08-10T22:53:50.565236,1754880830, 10.86, 557.70, 6066.00, Haian, 12.00,75
2025-08-10T22:54:00.553381,1754880840, 10.85, 558.90, 6066.00, Haian, 12.00,75
2025-08-10T22:54:10.557081,1754880850, 10.85, 558.50, 6066.00, Haian, 12.00,75
2025-08-10T22:54:20.555719,1754880860, 10.85, 558.60, 6058.00, Haian, 12.00,75
2025-08-10T22:54:30.555995,1754880870, 10.85, 558.90, 6066.00, Haian, 12.00,75
2025-08-10T22:54:40.554736,1754880880, 10.85, 558.80, 6066.00, Haian, 12.00,75
2025-08-10T22:54:50.559802,1754880890, 10.84, 558.60, 6066.00, Haian, 12.00,75
2025-08-10T22:55:00.566218,1754880900, 10.84, 559.00, 6062.00, Haian, 12.00,75
2025-08-10T22:55:10.562840,1754880910, 10.85, 558.90, 6062.00, Haian, 12.00,75
2025-08-10T22:55:20.563009,1754880920, 10.85, 558.80, 6062.00, Haian, 12.00,75
2025-08-10T22:55:30.561786,1754880930, 10.85, 558.60, 6062.00, Haian, 12.00,75
2025-08-10T22:55:40.565437,1754880940, 10.84, 559.10, 6068.00, Haian, 12.00,75
2025-08-10T22:55:50.555100,1754880950, 10.85, 558.20, 6062.00, Haian, 12.00,75
2025-08-10T22:56:00.563912,1754880960, 10.85, 558.60, 6062.00, Haian, 12.00,75
2025-08-10T22:56:10.554512,1754880970, 10.85, 558.70, 6068.00, Haian, 12.00,75
2025-08-10T23:01:12.889745,1754880980, 10.84, 559.70, 6062.00, Haian, 12.00,75
2025-08-10T23:01:13.044215,1754880990, 10.85, 559.40, 6062.00, Haian, 12.00,75
2025-08-10T23:01:13.075411,1754881000, 10.85, 558.40, 6062.00, Haian, 12.00,75
2025-08-10T23:01:13.096013,754881010, 10.85, 559.10, 6058.00, Haian, 12.00,75
2025-08-10T23:01:13.116523,1754881020, 10.85, 558.50, 6068.00, Haian, 12.00,75
2025-08-10T23:01:13.148656,1754881030, 10.85, 558.70, 6068.00, Haian, 12.00,75
2025-08-10T23:01:13.155786,1754881040, 10.85, 558.50, 6068.00, Haian, 12.00,75
2025-08-10T23:01:13.163560,754881050, 10.84, 559.20, 6058.00, Haian, 12.00,75
2025-08-10T23:01:13.165984,1754881060, 10.85, 558.90, 6058.00, Haian, 12.00,75
2025-08-10T23:01:13.168778,1754881070, 10.85, 558.80, 6062.00, Haian, 12.00,75
2025-08-10T23:01:13.171101,1754881080, 10.85, 558.70, 6062.00, Haian, 12.00,75
2025-08-10T23:01:13.175014,1754881090, 10.85, 559.00, 6062.00, Haian, 12.00,75
2025-08-10T23:01:13.207276,1754881100, 10.85, 557.90, 6062.00, Haian, 12.00,75
2025-08-10T23:01:13.586930,1754881110, 10.84, 558.90, 6068.00, Haian, 12.00,75
2025-08-10T23:01:13.770706,1754881120, 10.85, 558.50, 6062.00, Haian, 12.00,75
2025-08-10T23:01:13.964058,1754881130, 10.84, 558.70, 6062.00, Haian, 12.00,75
2025-08-10T23:01:14.215066,54881140, 10.84, 558.70, 6058.00, Haian, 12.00,75
2025-08-10T23:01:14.465266,1754881150, 10.84, 558.80, 6062.00, Haian, 12.00,75
2025-08-10T23:01:14.860480,1754881160, 10.85, 558.80, 6068.00, Haian, 12.00,75
2025-08-10T23:01:15.167626,1754881170, 10.84, 558.90, 6066.00, Haian, 12.00,75
2025-08-10T23:01:15.459800,1754881180, 10.85, 558.60, 6066.00, Haian, 12.00,75
2025-08-10T23:01:15.726310,1754881190, 10.84, 558.40, 6062.00, Haian, 12.00,75
2025-08-10T23:01:16.082605,1754881200, 10.85, 558.90, 6062.00, Haian, 12.00,75
2025-08-10T23:01:16.275008,754881210, 10.85, 558.40, 6062.00, Haian, 12.00,75
2025-08-10T23:01:16.486827,1754881220, 10.84, 559.40, 6068.00, Haian, 12.00,75
2025-08-10T23:01:16.704263,1754881230, 10.84, 558.70, 6066.00, Haian, 12.00,75
2025-08-10T23:01:17.335826,1754881240, 10.84, 559.20, 6062.00, Haian, 12.00,75
2025-08-10T23:01:18.055403,1754881250, 10.85, 558.90, 6062.00, Haian, 12.00,75
2025-08-10T23:01:18.368660,1754881260, 10.84, 559.30, 6058.00, Haian, 12.00,75
2025-08-10T23:01:18.794539,1754881270, 10.85, 558.80, 6072.00, Haian, 12.00,75
2025-08-10T23:01:20.563349,1754881280, 10.84, 559.00, 6058.00, Haian, 12.00,75
2025-08-10T23:01:30.557752,1754881290, 10.85, 559.00, 6056.00, Haian, 12.00,75
2025-08-10T23:01:40.560513,1754881300, 10.84, 558.40, 6066.00, Haian, 12.00,75
2025-08-10T23:01:50.563723,1754881310, 10.84, 559.50, 6066.00, Haian, 12.00,75
2025-08-10T23:02:37.067392,1754881357, 9.85, 623.10, 6128.00, Haian, 12.00,50
2025-08-10T23:02:47.060882,1754881367, 9.84, 622.60, 6134.00, Haian, 12.00,50
2025-08-10T23:02:57.068999,1754881377, 9.86, 622.00, 6130.00, Haian, 12.00,50
2025-08-10T23:03:07.068313,54881387, 9.86, 622.30, 6130.00, Haian, 12.00,50
2025-08-10T23:03:17.068655,1754881397, 9.86, 622.00, 6138.00, Haian, 12.00,50
2025-08-10T23:03:27.069210,1754881407, 9.86, 622.00, 6130.00, Haian, 12.00,50
2025-08-10T23:03:37.068383,1754881417, 9.86, 621.80, 6138.00, Haian, 12.00,50
2025-08-10T23:03:47.068223,1754881427, 9.86, 621.60, 6134.00, Haian, 12.00,50
2025-08-10T23:03:57.068454,1754881437, 9.86, 622.20, 6130.00, Haian, 12.00,50
2025-08-10T23:04:07.065335,1754881447, 9.86, 621.80, 6130.00, Haian, 12.00,50
2025-08-10T23:04:17.065423,1754881457, 9.86, 622.00, 6138.00, Haian, 12.00,50
2025-08-10T23:04:27.068021,1754881467, 9.86, 621.90, 6130.00, Haian, 12.00,50
2025-08-10T23:04:37.066854,1754881477, 9.86, 622.70, 6138.00, Haian, 12.00,50
2025-08-10T23:04:47.058621,1754881487, 9.85, 621.80, 6134.00, Haian, 12.00,50
2025-08-10T23:04:57.064739,1754881497, 9.85, 622.80, 6130.00, Haian, 12.00,50
2025-08-10T23:05:07.057178,1754881507, 9.86, 621.50, 6130.00, Haian, 12.00,50
2025-08-10T23:05:17.060540,1754881517, 9.85, 622.40, 6124.00, Haian, 12.00,50
2025-08-10T23:05:27.068128,1754881527, 9.85, 622.40, 6128.00, Haian, 12.00,50
2025-08-10T23:05:37.067153,1754881537, 9.85, 622.10, 6128.00, Haian, 12.00,50
2025-08-10T23:05:47.067156,1754881547, 9.86, 622.50, 6130.00, Haian, 12.00,50
2025-08-10T23:05:57.067836,54881557, 9.85, 622.30, 6134.00, Haian, 12.00,50
2025-08-10T23:06:07.068367,1754881567, 9.85, 622.10, 6130.00, Haian, 12.00,50
2025-08-10T23:06:17.066417,54881577, 9.85, 621.70, 6130.00, Haian, 12.00,50
2025-08-10T23:06:27.067850,1754881587, 9.85, 622.20, 6134.00, Haian, 12.00,50
2025-08-10T23:06:37.066181,1754881597, 9.85, 622.20, 6130.00, Haian, 12.00,50
2025-08-10T23:06:47.061992,1754881607, 9.85, 622.70, 6128.00, Haian, 12.00,50
2025-08-10T23:06:57.064372,1754881617, 9.85, 621.60, 6134.00, Haian, 12.00,50
2025-08-10T23:07:07.067510,1754881627, 9.85, 622.20, 6130.00, Haian, 12.00,50
2025-08-10T23:07:17.060556,1754881637, 9.84, 622.60, 6130.00, Haian, 12.00,50
2025-08-10T23:07:27.064747,54881647, 9.85, 622.50, 6128.00, Haian, 12.00,50
2025-08-10T23:07:37.055203,1754881657, 9.85, 622.00, 6130.00, Haian, 12.00,50
2025-08-10T23:07:47.057583,1754881667, 9.85, 622.50, 6134.00, Haian, 12.00,50
2025-08-10T23:07:57.066038,54881677, 9.85, 622.40, 6124.00, Haian, 12.00,50
2025-08-10T23:08:07.067437,1754881687, 9.85, 621.70, 6138.00, Haian, 12.00,50
2025-08-10T23:08:17.064838,1754881697, 9.85, 622.80, 6128.00, Haian, 12.00,50
2025-08-10T23:08:27.067699,1754881707, 9.85, 622.40, 6122.00, Haian, 12.00,50
2025-08-10T23:08:37.054897,1754881717, 9.85, 622.80, 6134.00, Haian, 12.00,50
2025-08-10T23:08:47.052842,1754881727, 9.85, 621.80, 6134.00, Haian, 12.00,50
2025-08-10T23:08:57.053745,1754881737, 9.84, 623.30, 6138.00, Haian, 12.00,50
2025-08-10T23:09:07.057710,1754881747, 9.85, 622.20, 6130.00, Haian, 12.00,50
2025-08-10T23:09:17.066596,1754881757, 9.85, 622.60, 6138.00, Haian, 12.00,50
2025-08-10T23:09:27.063370,1754881767, 9.85, 622.90, 6138.00, Haian, 12.00,50
2025-08-10T23:09:37.066906,1754881777, 9.85, 621.60, 6122.00, Haian, 12.00,50
2025-08-10T23:09:47.058576,1754881787, 9.85, 622.70, 6134.00, Haian, 12.00,50
2025-08-10T23:09:57.066685,1754881797, 9.85, 622.30, 6134.00, Haian, 12.00,50
2025-08-10T23:10:07.051426,1754881807, 9.85, 622.40, 6130.00, Haian, 12.00,50
2025-08-10T23:10:17.062493,1754881817, 9.85, 623.10, 6124.00, Haian, 12.00,50
2025-08-10T23:10:27.065495,1754881827, 9.85, 622.60, 6134.00, Haian, 12.00,50
2025-08-10T23:10:37.060990,1754881837, 9.85, 622.90, 6130.00, Haian, 12.00,50
2025-08-10T23:10:47.065439,1754881847, 9.85, 622.70, 6128.00, Haian, 12.00,50
2025-08-10T23:10:57.063778,1754881857, 9.85, 622.40, 6122.00, Haian, 12.00,50
2025-08-10T23:11:07.051902,1754881867, 9.85, 623.30, 6128.00, Haian, 12.00,50
2025-08-10T23:11:17.065289,1754881877, 9.85, 622.60, 6134.00, Haian, 12.00,50
2025-08-10T23:11:27.062122,1754881887, 9.85, 622.20, 6128.00, Haian, 12.00,50
2025-08-10T23:11:37.066352,1754881897, 9.85, 623.10, 6130.00, Haian, 12.00,50
2025-08-10T23:11:47.060830,1754881907, 9.85, 622.80, 6128.00, Haian, 12.00,50
2025-08-10T23:11:57.062329,1754881917, 9.85, 622.80, 6134.00, Haian, 12.00,50
2025-08-10T23:12:07.065381,1754881927, 9.85, 623.10, 6124.00, Haian, 12.00,50
2025-08-10T23:12:17.065348,1754881937, 9.85, 622.40, 6138.00, Haian, 12.00,50
2025-08-10T23:12:27.064758,1754881947, 9.85, 622.80, 6130.00, Haian, 12.00,50
2025-08-10T23:12:37.064610,1754881957, 9.84, 622.60, 6130.00, Haian, 12.00,50
2025-08-10T23:12:47.050981,1754881967, 9.85, 622.90, 6134.00, Haian, 12.00,50
2025-08-10T23:12:57.053314,1754881977, 9.85, 623.00, 6134.00, Haian, 12.00,50
2025-08-10T23:13:07.064621,1754881987, 9.85, 621.90, 6124.00, Haian, 12.00,50
2025-08-10T23:13:17.062219,1754881997, 9.84, 622.00, 6128.00, Haian, 12.00,50
2025-08-10T23:13:27.063434,1754882007, 9.85, 622.20, 6124.00, Haian, 12.00,50
2025-08-10T23:13:37.065545,1754882017, 9.84, 622.60, 6134.00, Haian, 12.00,50
2025-08-10T23:13:47.060115,1754882027, 9.84, 622.80, 6130.00, Haian, 12.00,50
2025-08-10T23:13:57.064742,1754882037, 9.85, 622.00, 6138.00, Haian, 12.00,50
2025-08-10T23:14:07.055420,1754882047, 9.84, 622.40, 6130.00, Haian, 12.00,50
2025-08-10T23:14:17.063479,1754882057, 9.85, 622.60, 6134.00, Haian, 12.00,50
2025-08-10T23:14:27.057975,1754882067, 9.85, 622.50, 6128.00, Haian, 12.00,50
2025-08-10T23:14:37.057797,1754882077, 9.84, 622.90, 6128.00, Haian, 12.00,50
2025-08-10T23:14:47.061632,1754882087, 9.85, 623.30, 6134.00, Haian, 12.00,50
2025-08-10T23:14:57.064403,1754882097, 9.84, 622.80, 6128.00, Haian, 12.00,50
2025-08-10T23:15:07.062335,1754882107, 9.85, 622.40, 6138.00, Haian, 12.00,50
2025-08-10T23:15:17.050657,1754882117, 9.84, 623.30, 6124.00, Haian, 12.00,50
2025-08-10T23:15:27.064581,1754882127, 9.85, 622.60, 6130.00, Haian, 12.00,50
2025-08-10T23:15:37.061150,1754882137, 9.85, 622.80, 6134.00, Haian, 12.00,50
2025-08-10T23:15:47.057233,1754882147, 9.84, 622.40, 6130.00, Haian, 12.00,50
2025-08-10T23:15:57.064180,1754882157, 9.85, 622.80, 6134.00, Haian, 12.00,50
2025-08-10T23:16:07.065095,1754882167, 9.84, 623.00, 6130.00, Haian, 12.00,50
2025-08-10T23:16:17.061413,1754882177, 9.85, 622.60, 6124.00, Haian, 12.00,50
2025-08-10T23:16:27.063587,1754882187, 9.84, 622.50, 6134.00, Haian, 12.00,50
2025-08-10T23:16:37.064177,1754882197, 9.85, 622.80, 6134.00, Haian, 12.00,50
2025-08-10T23:16:47.063113,1754882207, 9.84, 623.00, 6128.00, Haian, 12.00,50
2025-08-10T23:16:57.063298,1754882217, 9.84, 622.40, 6130.00, Haian, 12.00,50
2025-08-10T23:17:07.055976,1754882227, 9.85, 622.10, 6134.00, Haian, 12.00,50
2025-08-10T23:17:17.058609,54882237, 9.84, 622.80, 6128.00, Haian, 12.00,50
2025-08-10T23:17:27.063600,1754882247, 9.85, 623.20, 6128.00, Haian, 12.00,50
2025-08-10T23:17:37.060014,82257, 9.85, 622.60, 6128.00, Haian, 12.00,50
2025-08-10T23:17:47.060996,1754882267, 9.84, 623.10, 6130.00, Haian, 12.00,50
2025-08-10T23:17:57.049048,1754882277, 9.85, 622.70, 6130.00, Haian, 12.00,50
2025-08-10T23:18:07.062842,1754882287, 9.84, 623.20, 6138.00, Haian, 12.00,50
2025-08-10T23:18:17.052890,1754882297, 9.84, 622.80, 6130.00, Haian, 12.00,50
2025-08-10T23:18:27.056592,1754882307, 9.84, 622.70, 6138.00, Haian, 12.00,50
2025-08-10T23:18:37.060346,1754882317, 9.84, 622.50, 6130.00, Haian, 12.00,50
2025-08-10T23:18:47.059022,1754882327, 9.84, 622.10, 6128.00, Haian, 12.00,50
2025-08-10T23:18:57.063568,1754882337, 9.84, 622.80, 6140.00, Haian, 12.00,50
2025-08-10T23:19:07.063145,1754882347, 9.84, 622.80, 6144.00, Haian, 12.00,50
2025-08-10T23:20:59.381743,1754882459, 8.76, 679.30, 5960.00, Haian, 12.00,25
2025-08-10T23:21:09.385976,1754882469, 8.76, 679.90, 5954.00, Haian, 12.00,25
2025-08-10T23:21:19.382914,1754882479, 8.77, 679.90, 5958.00, Haian, 12.00,25
2025-08-10T23:21:29.386570,54882489, 8.76, 679.90, 5954.00, Haian, 12.00,25
2025-08-10T23:21:39.375201,1754882499, 8.77, 679.50, 5960.00, Haian, 12.00,25
2025-08-10T23:21:49.387763,1754882509, 8.77, 679.70, 5958.00, Haian, 12.00,25
2025-08-10T23:21:59.372647,1754882519, 8.76, 680.00, 5964.00, Haian, 12.00,25
2025-08-10T23:22:09.387448,1754882529, 8.77, 679.30, 5958.00, Haian, 12.00,25
2025-08-10T23:22:19.387527,1754882539, 8.76, 679.80, 5958.00, Haian, 12.00,25
2025-08-10T23:22:29.385995,1754882549, 8.76, 679.70, 5958.00, Haian, 12.00,25
2025-08-10T23:22:39.383732,1754882559, 8.77, 680.10, 5954.00, Haian, 12.00,25
2025-08-10T23:22:49.387529,1754882569, 8.76, 679.60, 5954.00, Haian, 12.00,25
2025-08-10T23:22:59.372984,1754882579, 8.77, 680.40, 5954.00, Haian, 12.00,25
2025-08-10T23:23:09.385131,1754882589, 8.76, 679.30, 5960.00, Haian, 12.00,25
2025-08-10T23:23:19.372788,1754882599, 8.76, 679.60, 5960.00, Haian, 12.00,25
2025-08-10T23:23:29.375328,1754882609, 8.77, 679.60, 5960.00, Haian, 12.00,25
2025-08-10T23:23:39.382608,1754882619, 8.76, 679.90, 5958.00, Haian, 12.00,25
2025-08-10T23:23:49.386502,1754882629, 8.76, 679.90, 5958.00, Haian, 12.00,25
2025-08-10T23:23:59.382730,1754882639, 8.77, 679.80, 5958.00, Haian, 12.00,25
2025-08-10T23:24:09.385804,1754882649, 8.76, 679.60, 5958.00, Haian, 12.00,25
2025-08-10T23:24:19.384265,1754882659, 8.77, 679.60, 5968.00, Haian, 12.00,25
2025-08-10T23:24:29.385043,1754882669, 8.76, 680.30, 5958.00, Haian, 12.00,25
2025-08-10T23:24:39.387225,1754882679, 8.76, 679.60, 5958.00, Haian, 12.00,25
2025-08-10T23:24:49.384698,1754882689, 8.77, 680.10, 5958.00, Haian, 12.00,25
2025-08-10T23:24:59.386575,1754882699, 8.76, 680.10, 5950.00, Haian, 12.00,25
2025-08-10T23:25:09.383921,1754882709, 8.76, 679.10, 5958.00, Haian, 12.00,25
2025-08-10T23:25:19.382860,1754882719, 8.76, 680.10, 5958.00, Haian, 12.00,25
2025-08-10T23:25:29.386057,1754882729, 8.76, 679.60, 5958.00, Haian, 12.00,25
2025-08-10T23:25:39.385437,1754882739, 8.76, 679.60, 5958.00, Haian, 12.00,25
2025-08-10T23:25:49.385809,1754882749, 8.76, 679.90, 5964.00, Haian, 12.00,25
2025-08-10T23:25:59.386257,1754882759, 8.76, 679.30, 5960.00, Haian, 12.00,25
2025-08-10T23:26:09.373872,1754882769, 8.76, 679.80, 5954.00, Haian, 12.00,25
2025-08-10T23:26:19.386083,1754882779, 8.76, 679.80, 5954.00, Haian, 12.00,25
2025-08-10T23:26:29.380415,1754882789, 8.76, 679.70, 5954.00, Haian, 12.00,25
2025-08-10T23:26:39.385464,1754882799, 8.76, 679.90, 5954.00, Haian, 12.00,25
2025-08-10T23:26:49.385649,1754882809, 8.76, 679.80, 5958.00, Haian, 12.00,25
2025-08-10T23:26:59.381309,1754882819, 8.77, 679.40, 5958.00, Haian, 12.00,25
2025-08-10T23:27:09.385930,1754882829, 8.76, 679.70, 5958.00, Haian, 12.00,25
2025-08-10T23:27:19.382589,1754882839, 8.76, 679.40, 5958.00, Haian, 12.00,25
2025-08-10T23:27:29.373986,1754882849, 8.76, 679.60, 5958.00, Haian, 12.00,25
2025-08-10T23:27:39.384853,1754882859, 8.77, 679.40, 5960.00, Haian, 12.00,25
2025-08-10T23:27:49.385982,1754882869, 8.76, 679.60, 5960.00, Haian, 12.00,25
2025-08-10T23:27:59.384845,1754882879, 8.76, 680.10, 5964.00, Haian, 12.00,25
2025-08-10T23:28:09.378101,1754882889, 8.76, 679.60, 5958.00, Haian, 12.00,25
2025-08-10T23:28:19.380625,1754882899, 8.76, 680.30, 5954.00, Haian, 12.00,25
2025-08-10T23:28:29.384760,1754882909, 8.76, 680.30, 5958.00, Haian, 12.00,25
2025-08-10T23:28:39.382097,1754882919, 8.76, 679.90, 5960.00, Haian, 12.00,25
2025-08-10T23:28:49.376886,1754882929, 8.76, 679.10, 5958.00, Haian, 12.00,25
2025-08-10T23:28:59.376650,1754882939, 8.76, 679.50, 5958.00, Haian, 12.00,25
2025-08-10T23:29:09.382195,1754882949, 8.76, 679.70, 5958.00, Haian, 12.00,25
2025-08-10T23:29:19.382983,1754882959, 8.76, 679.50, 5960.00, Haian, 12.00,25
2025-08-10T23:29:29.385031,1754882969, 8.76, 679.50, 5958.00, Haian, 12.00,25
2025-08-10T23:29:39.384757,1754882979, 8.77, 679.90, 5960.00, Haian, 12.00,25
2025-08-10T23:29:49.384903,1754882989, 8.76, 679.30, 5960.00, Haian, 12.00,25
2025-08-10T23:29:59.384886,1754882999, 8.76, 679.70, 5950.00, Haian, 12.00,25
2025-08-10T23:30:09.385148,1754883009, 8.76, 680.40, 5950.00, Haian, 12.00,25
2025-08-10T23:30:19.376045,1754883019, 8.76, 679.50, 5948.00, Haian, 12.00,25
2025-08-10T23:30:29.380059,1754883029, 8.77, 679.80, 5954.00, Haian, 12.00,25
2025-08-10T23:30:39.379328,1754883039, 8.76, 679.60, 5950.00, Haian, 12.00,25
2025-08-10T23:30:49.384342,1754883049, 8.76, 679.10, 5960.00, Haian, 12.00,25
2025-08-10T23:30:59.383484,1754883059, 8.76, 679.40, 5950.00, Haian, 12.00,25
2025-08-10T23:31:09.383501,754883069, 8.76, 679.40, 5958.00, Haian, 12.00,25
2025-08-10T23:31:19.380723,1754883079, 8.76, 679.80, 5954.00, Haian, 12.00,25
2025-08-10T23:31:29.374319,1754883089, 8.76, 679.50, 5954.00, Haian, 12.00,25
2025-08-10T23:31:39.376243,1754883099, 8.76, 679.80, 5954.00, Haian, 12.00,25
2025-08-10T23:31:49.384005,1754883109, 8.76, 679.70, 5950.00, Haian, 12.00,25
2025-08-10T23:31:59.376764,1754883119, 8.76, 680.20, 5950.00, Haian, 12.00,25
2025-08-10T23:32:09.380304,1754883129, 8.76, 679.30, 5958.00, Haian, 12.00,25
2025-08-10T23:32:19.381809,1754883139, 8.76, 680.20, 5958.00, Haian, 12.00,25
2025-08-10T23:32:29.370192,83149, 8.76, 679.20, 5954.00, Haian, 12.00,25
2025-08-10T23:32:39.370944,1754883159, 8.76, 679.90, 5954.00, Haian, 12.00,25
2025-08-10T23:32:49.378370,1754883169, 8.76, 680.30, 5954.00, Haian, 12.00,25
2025-08-10T23:32:59.376212,1754883179, 8.76, 679.70, 5958.00, Haian, 12.00,25
2025-08-10T23:33:09.384058,1754883189, 8.76, 679.90, 5958.00, Haian, 12.00,25
2025-08-10T23:33:19.379220,1754883199, 8.76, 679.70, 5958.00, Haian, 12.00,25
2025-08-10T23:33:29.380325,1754883209, 8.76, 680.30, 5954.00, Haian, 12.00,25
2025-08-10T23:33:39.381562,1754883219, 8.76, 679.50, 5958.00, Haian, 12.00,25
2025-08-10T23:33:49.383931,1754883229, 8.76, 679.90, 5958.00, Haian, 12.00,25
2025-08-10T23:33:59.371892,1754883239, 8.76, 679.80, 5954.00, Haian, 12.00,25
2025-08-10T23:34:09.373966,1754883249, 8.76, 680.40, 5954.00, Haian, 12.00,25
2025-08-10T23:34:19.376999,1754883259, 8.76, 679.40, 5950.00, Haian, 12.00,25
2025-08-10T23:34:29.383002,1754883269, 8.76, 679.80, 5950.00, Haian, 12.00,25
2025-08-10T23:34:39.374796,1754883279, 8.76, 678.90, 5950.00, Haian, 12.00,25
2025-08-10T23:34:49.381158,1754883289, 8.76, 679.50, 5950.00, Haian, 12.00,25
2025-08-10T23:34:59.382596,1754883299, 8.76, 679.70, 5954.00, Haian, 12.00,25
2025-08-10T23:35:09.369776,1754883309, 8.75, 679.50, 5954.00, Haian, 12.00,25
2025-08-10T23:35:19.373269,1754883319, 8.75, 679.40, 5954.00, Haian, 12.00,25
2025-08-10T23:35:29.375608,1754883329, 8.76, 679.70, 5958.00, Haian, 12.00,25
2025-08-10T23:35:39.383222,1754883339, 8.76, 679.60, 5954.00, Haian, 12.00,25
2025-08-10T23:35:49.382629,1754883349, 8.76, 679.50, 5954.00, Haian, 12.00,25
2025-08-10T23:35:59.380964,1754883359, 8.76, 679.00, 5958.00, Haian, 12.00,25
2025-08-10T23:36:09.375511,1754883369, 8.76, 679.90, 5954.00, Haian, 12.00,25
2025-08-10T23:36:19.376777,1754883379, 8.76, 679.70, 5954.00, Haian, 12.00,25
2025-08-10T23:36:29.381090,1754883389, 8.76, 679.50, 5954.00, Haian, 12.00,25
2025-08-10T23:36:39.382943,754883399, 8.76, 679.20, 5950.00, Haian, 12.00,25
2025-08-10T23:36:49.373259,1754883409, 8.76, 679.70, 5950.00, Haian, 12.00,25
2025-08-10T23:36:59.382548,1754883419, 8.76, 679.50, 5948.00, Haian, 12.00,25
2025-08-10T23:37:09.370707,1754883429, 8.76, 679.60, 5948.00, Haian, 12.00,25
2025-08-10T23:37:19.372565,1754883439, 8.76, 679.30, 5954.00, Haian, 12.00,25
2025-08-10T23:37:29.375182,1754883449, 8.76, 679.70, 5954.00, Haian, 12.00,25
2025-08-11T16:14:36.147481,1754943275, 12.26, 124.10, 1488.00, G4 RV Ceiling, 12.00,100
2025-08-11T16:14:46.145828,1754943285, 12.26, 125.10, 1518.00, G4 RV Ceiling, 12.00,100
2025-08-11T16:14:56.156736,1754943295, 12.26, 120.90, 1530.00, G4 RV Ceiling, 12.00,100
2025-08-11T16:15:06.153939,1754943305, 12.26, 119.00, 1528.00, G4 RV Ceiling, 12.00,100
2025-08-11T16:15:16.155692,1754943315, 12.26, 119.20, 1534.00, G4 RV Ceiling, 12.00,100
2025-08-11T16:15:26.142525,1754943325, 12.26, 118.00, 1524.00, G4 RV Ceiling, 12.00,100
2025-08-11T16:15:36.140971,1754943335, 12.26, 116.60, 1504.00, G4 RV Ceiling, 12.00,100
2025-08-11T16:15:46.143301,1754943345, 12.26, 116.30, 1508.00, G4 RV Ceiling, 12.00,100
2025-08-11T16:15:56.153039,1754943355, 12.26, 124.70, 1432.00, G4 RV Ceiling, 12.00,100
2025-08-11T16:16:06.148765,1754943365, 12.26, 118.60, 1530.00, G4 RV Ceiling, 12.00,100
2025-08-11T16:16:16.151394,1754943375, 12.25, 117.10, 1534.00, G4 RV Ceiling, 12.00,100
2025-08-11T16:16:26.156119,1754943385, 12.26, 116.30, 1464.00, G4 RV Ceiling, 12.00,100
2025-08-11T16:16:36.156160,1754943395, 12.26, 118.10, 1458.00, G4 RV Ceiling, 12.00,100
2025-08-11T16:16:46.143050,1754943405, 12.25, 125.10, 1454.00, G4 RV Ceiling, 12.00,100
2025-08-11T16:16:56.143332,1754943415, 12.25, 123.70, 1426.00, G4 RV Ceiling, 12.00,100
2025-08-11T16:17:06.151079,1754943425, 12.25, 122.10, 1428.00, G4 RV Ceiling, 12.00,100
2025-08-11T16:17:16.154703,1754943435, 12.25, 116.20, 1510.00, G4 RV Ceiling, 12.00,100
2025-08-11T16:17:26.149878,1754943445, 12.24, 123.00, 1432.00, G4 RV Ceiling, 12.00,100
2025-08-11T16:17:36.162811,43455, 12.25, 121.00, 1436.00, G4 RV Ceiling, 12.00,100
2025-08-11T16:17:46.154158,1754943465, 12.24, 124.20, 1490.00, G4 RV Ceiling, 12.00,100
2025-08-11T16:17:56.140043,1754943475, 12.24, 124.80, 1494.00, G4 RV Ceiling, 12.00,100
2025-08-11T16:18:06.154739,1754943485, 12.23, 125.70, 1490.00, G4 RV Ceiling, 12.00,100
2025-08-11T16:18:16.152529,1754943495, 12.24, 121.60, 1520.00, G4 RV Ceiling, 12.00,100
2025-08-11T16:18:26.151017,1754943505, 12.24, 119.10, 1454.00, G4 RV Ceiling, 12.00,100
2025-08-11T16:18:36.145569,1754943515, 12.23, 116.70, 1518.00, G4 RV Ceiling, 12.00,100
2025-08-11T16:18:46.148800,1754943525, 12.24, 118.10, 1530.00, G4 RV Ceiling, 12.00,100
2025-08-11T16:18:56.149968,1754943535, 12.23, 117.30, 1490.00, G4 RV Ceiling, 12.00,100
2025-08-11T16:19:06.155097,1754943545, 12.24, 121.30, 1524.00, G4 RV Ceiling, 12.00,100
2025-08-11T16:19:16.153692,1754943555, 12.23, 123.90, 1484.00, G4 RV Ceiling, 12.00,100
2025-08-11T16:19:26.153598,1754943565, 12.24, 120.90, 1436.00, G4 RV Ceiling, 12.00,100
2025-08-11T16:19:36.151430,1754943575, 12.22, 124.20, 1490.00, G4 RV Ceiling, 12.00,100
2025-08-11T16:19:46.141900,1754943585, 12.23, 123.70, 1508.00, G4 RV Ceiling, 12.00,100
2025-08-11T16:19:56.153522,1754943595, 12.24, 119.90, 1446.00, G4 RV Ceiling, 12.00,100
2025-08-11T16:20:06.148432,1754943605, 12.23, 122.80, 1520.00, G4 RV Ceiling, 12.00,100
2025-08-11T16:20:16.151182,1754943615, 12.23, 116.70, 1514.00, G4 RV Ceiling, 12.00,100
2025-08-11T16:20:26.153533,1754943625, 12.23, 122.10, 1436.00, G4 RV Ceiling, 12.00,100
2025-08-11T16:20:36.147617,1754943635, 12.22, 122.10, 1524.00, G4 RV Ceiling, 12.00,100
2025-08-11T16:20:46.152684,1754943645, 12.22, 123.10, 1510.00, G4 RV Ceiling, 12.00,100
2025-08-11T16:20:56.139545,1754943655, 12.22, 122.20, 1422.00, G4 RV Ceiling, 12.00,100
2025-08-11T16:21:06.141940,1754943665, 12.23, 116.30, 1498.00, G4 RV Ceiling, 12.00,100
2025-08-11T16:21:16.145963,1754943675, 12.22, 124.00, 1422.00, G4 RV Ceiling, 12.00,100
2025-08-11T16:21:26.151528,1754943685, 12.22, 116.70, 1518.00, G4 RV Ceiling, 12.00,100
2025-08-11T16:21:36.150209,1754943695, 12.22, 125.00, 1428.00, G4 RV Ceiling, 12.00,100
2025-08-11T16:21:46.153365,1754943705, 12.22, 122.20, 1518.00, G4 RV Ceiling, 12.00,100
2025-08-11T16:21:56.151035,1754943715, 12.22, 121.50, 1432.00, G4 RV Ceiling, 12.00,100
2025-08-11T16:22:06.152266,1754943725, 12.22, 116.30, 1498.00, G4 RV Ceiling, 12.00,100
2025-08-11T16:22:16.138236,943735, 12.22, 117.30, 1514.00, G4 RV Ceiling, 12.00,100
2025-08-11T16:22:26.141350,1754943745, 12.22, 119.70, 1528.00, G4 RV Ceiling, 12.00,100
2025-08-11T16:22:36.150882,1754943755, 12.21, 124.70, 1436.00, G4 RV Ceiling, 12.00,100
2025-08-11T16:22:46.148893,1754943765, 12.22, 122.50, 1422.00, G4 RV Ceiling, 12.00,100
2025-08-11T16:22:56.150034,1754943775, 12.22, 121.20, 1514.00, G4 RV Ceiling, 12.00,100
2025-08-11T16:23:06.152806,1754943785, 12.21, 123.00, 1510.00, G4 RV Ceiling, 12.00,100
2025-08-11T16:23:16.146567,1754943795, 12.22, 123.50, 1426.00, G4 RV Ceiling, 12.00,100
2025-08-11T16:23:26.152388,1754943805, 12.22, 117.20, 1484.00, G4 RV Ceiling, 12.00,100
2025-08-11T16:23:36.138167,1754943815, 12.21, 122.90, 1508.00, G4 RV Ceiling, 12.00,100
2025-08-11T16:23:46.148860,1754943825, 12.21, 121.90, 1524.00, G4 RV Ceiling, 12.00,100
2025-08-11T16:23:56.152262,1754943835, 12.21, 123.30, 1514.00, G4 RV Ceiling, 12.00,100
2025-08-11T16:24:06.152970,1754943845, 12.21, 116.50, 1488.00, G4 RV Ceiling, 12.00,100
2025-08-11T16:24:16.151429,1754943855, 12.22, 116.70, 1478.00, G4 RV Ceiling, 12.00,100
2025-08-11T16:24:26.143124,1754943865, 12.22, 117.60, 1464.00, G4 RV Ceiling, 12.00,100
2025-08-11T16:24:36.151471,1754943875, 12.22, 117.00, 1498.00, G4 RV Ceiling, 12.00,100
2025-08-11T16:24:46.152382,4943885, 12.20, 120.10, 1530.00, G4 RV Ceiling, 12.00,100
2025-08-11T16:24:56.144885,1754943895, 12.20, 124.10, 1498.00, G4 RV Ceiling, 12.00,100
2025-08-11T16:25:06.140122,1754943905, 12.20, 116.40, 1520.00, G4 RV Ceiling, 12.00,100
2025-08-11T16:25:16.151214,1754943915, 12.20, 126.60, 1510.00, G4 RV Ceiling, 12.00,100
2025-08-11T16:25:26.152404,1754943925, 12.20, 125.70, 1464.00, G4 RV Ceiling, 12.00,100
2025-08-11T16:25:36.151190,1754943935, 12.20, 125.50, 1454.00, G4 RV Ceiling, 12.00,100
2025-08-11T16:25:46.150185,1754943945, 12.20, 127.20, 1482.00, G4 RV Ceiling, 12.00,100
2025-08-11T16:25:56.151531,1754943955, 12.20, 125.90, 1464.00, G4 RV Ceiling, 12.00,100
2025-08-11T16:26:06.148253,1754943965, 12.20, 116.90, 1500.00, G4 RV Ceiling, 12.00,100
2025-08-11T16:26:16.146533,1754943975, 12.20, 121.80, 1416.00, G4 RV Ceiling, 12.00,100
2025-08-11T16:26:26.140931,1754943985, 12.19, 125.40, 1508.00, G4 RV Ceiling, 12.00,100
2025-08-11T16:26:36.144672,1754943995, 12.20, 122.40, 1418.00, G4 RV Ceiling, 12.00,100
2025-08-11T16:26:46.147459,1754944005, 12.20, 124.30, 1422.00, G4 RV Ceiling, 12.00,100
2025-08-11T16:26:56.151087,1754944015, 12.20, 116.00, 1494.00, G4 RV Ceiling, 12.00,100
2025-08-11T16:27:06.151037,1754944025, 12.19, 122.40, 1426.00, G4 RV Ceiling, 12.00,100
2025-08-11T16:27:16.150872,1754944035, 12.20, 119.00, 1508.00, G4 RV Ceiling, 12.00,100
2025-08-11T16:27:26.150392,1754944045, 12.20, 116.70, 1508.00, G4 RV Ceiling, 12.00,100
2025-08-11T16:27:36.138124,1754944055, 12.20, 123.60, 1416.00, G4 RV Ceiling, 12.00,100
2025-08-11T16:27:46.139425,1754944065, 12.20, 118.50, 1518.00, G4 RV Ceiling, 12.00,100
2025-08-11T16:27:56.143979,1754944075, 12.19, 125.70, 1436.00, G4 RV Ceiling, 12.00,100
2025-08-11T16:28:06.147307,1754944085, 12.19, 118.70, 1546.00, G4 RV Ceiling, 12.00,100
2025-08-11T16:28:16.150551,1754944095, 12.19, 118.90, 1446.00, G4 RV Ceiling, 12.00,100
2025-08-11T16:28:26.140870,1754944105, 12.19, 124.70, 1426.00, G4 RV Ceiling, 12.00,100
2025-08-11T16:28:36.149819,1754944115, 12.20, 115.60, 1518.00, G4 RV Ceiling, 12.00,100
2025-08-11T16:28:46.150142,1754944125, 12.20, 116.60, 1508.00, G4 RV Ceiling, 12.00,100
2025-08-11T16:28:56.150040,1754944135, 12.19, 119.90, 1534.00, G4 RV Ceiling, 12.00,100
2025-08-11T16:29:06.140441,1754944145, 12.18, 125.80, 1488.00, G4 RV Ceiling, 12.00,100
2025-08-11T16:29:16.142757,1754944155, 12.18, 123.50, 1422.00, G4 RV Ceiling, 12.00,100
2025-08-11T16:29:26.147122,1754944165, 12.19, 125.60, 1438.00, G4 RV Ceiling, 12.00,100
2025-08-11T16:29:36.139829,1754944175, 12.19, 115.40, 1498.00, G4 RV Ceiling, 12.00,100
2025-08-11T16:29:46.146243,1754944185, 12.18, 125.70, 1454.00, G4 RV Ceiling, 12.00,100
2025-08-11T16:29:56.146882,1754944195, 12.19, 121.50, 1428.00, G4 RV Ceiling, 12.00,100
2025-08-11T16:30:06.136367,1754944205, 12.18, 124.50, 1478.00, G4 RV Ceiling, 12.00,100
2025-08-11T16:30:16.138148,1754944215, 12.18, 124.30, 1524.00, G4 RV Ceiling, 12.00,100
2025-08-11T16:30:26.139603,1754944225, 12.19, 118.60, 1448.00, G4 RV Ceiling, 12.00,100
2025-08-11T16:30:36.147907,1754944235, 12.19, 116.80, 1500.00, G4 RV Ceiling, 12.00,100
2025-08-11T16:30:46.138259,1754944245, 12.19, 118.00, 1514.00, G4 RV Ceiling, 12.00,100
2025-08-11T16:30:56.146667,1754944255, 12.18, 120.90, 1534.00, G4 RV Ceiling, 12.00,100
2025-08-11T16:31:06.143241,1754944265, 12.17, 125.50, 1468.00, G4 RV Ceiling, 12.00,100
2025-08-11T16:32:21.737150,1754944341, 11.16, 131.50, 1400.00, G4 RV Ceiling, 12.00,75
2025-08-11T16:32:31.743228,1754944351, 11.16, 132.80, 1402.00, G4 RV Ceiling, 12.00,75
2025-08-11T16:32:41.742653,1754944361, 11.16, 134.00, 1442.00, G4 RV Ceiling, 12.00,75
2025-08-11T16:32:51.740098,1754944371, 11.15, 134.20, 1494.00, G4 RV Ceiling, 12.00,75
2025-08-11T16:33:01.737680,54944381, 11.16, 129.40, 1406.00, G4 RV Ceiling, 12.00,75
2025-08-11T16:33:11.731159,1754944391, 11.15, 134.90, 1498.00, G4 RV Ceiling, 12.00,75
2025-08-11T16:33:21.731984,1754944401, 11.15, 136.10, 1452.00, G4 RV Ceiling, 12.00,75
2025-08-11T16:33:31.739586,1754944411, 11.16, 132.40, 1390.00, G4 RV Ceiling, 12.00,75
2025-08-11T16:33:41.743943,1754944421, 11.15, 128.80, 1488.00, G4 RV Ceiling, 12.00,75
2025-08-11T16:33:51.739941,1754944431, 11.15, 126.20, 1484.00, G4 RV Ceiling, 12.00,75
2025-08-11T16:34:01.742674,54944441, 11.15, 126.90, 1488.00, G4 RV Ceiling, 12.00,75
2025-08-11T16:34:11.730154,1754944451, 11.15, 135.50, 1422.00, G4 RV Ceiling, 12.00,75
2025-08-11T16:34:21.742602,1754944461, 11.16, 127.30, 1478.00, G4 RV Ceiling, 12.00,75
2025-08-11T16:34:31.740266,54944471, 11.14, 132.90, 1448.00, G4 RV Ceiling, 12.00,75
2025-08-11T16:34:41.731408,1754944481, 11.15, 131.50, 1412.00, G4 RV Ceiling, 12.00,75
2025-08-11T16:34:51.740828,1754944491, 11.15, 132.60, 1402.00, G4 RV Ceiling, 12.00,75
2025-08-11T16:35:01.736218,1754944501, 11.15, 127.40, 1504.00, G4 RV Ceiling, 12.00,75
2025-08-11T16:35:11.738450,1754944511, 11.15, 125.50, 1508.00, G4 RV Ceiling, 12.00,75
2025-08-11T16:35:21.736939,1754944521, 11.14, 128.20, 1518.00, G4 RV Ceiling, 12.00,75
2025-08-11T16:35:31.739229,1754944531, 11.14, 130.70, 1498.00, G4 RV Ceiling, 12.00,75
2025-08-11T16:35:41.741335,1754944541, 11.14, 133.10, 1400.00, G4 RV Ceiling, 12.00,75
2025-08-11T16:35:51.742333,1754944551, 11.14, 132.30, 1396.00, G4 RV Ceiling, 12.00,75
2025-08-11T16:36:01.731380,1754944561, 11.14, 133.50, 1406.00, G4 RV Ceiling, 12.00,75
2025-08-11T16:36:11.740840,1754944571, 11.14, 133.00, 1402.00, G4 RV Ceiling, 12.00,75
2025-08-11T16:36:21.736231,1754944581, 11.14, 135.10, 1482.00, G4 RV Ceiling, 12.00,75
2025-08-11T16:36:31.741720,1754944591, 11.14, 131.10, 1410.00, G4 RV Ceiling, 12.00,75
2025-08-11T16:36:41.742067,1754944601, 11.14, 128.20, 1494.00, G4 RV Ceiling, 12.00,75
2025-08-11T16:36:51.742109,1754944611, 11.14, 135.10, 1488.00, G4 RV Ceiling, 12.00,75
2025-08-11T16:37:01.741865,1754944621, 11.14, 136.20, 1432.00, G4 RV Ceiling, 12.00,75
2025-08-11T16:37:11.737384,1754944631, 11.14, 125.80, 1498.00, G4 RV Ceiling, 12.00,75
2025-08-11T16:37:21.740796,1754944641, 11.14, 134.00, 1410.00, G4 RV Ceiling, 12.00,75
2025-08-11T16:37:31.740873,1754944651, 11.15, 128.50, 1508.00, G4 RV Ceiling, 12.00,75
2025-08-11T16:37:41.736403,1754944661, 11.14, 127.10, 1504.00, G4 RV Ceiling, 12.00,75
2025-08-11T16:37:51.740742,1754944671, 11.14, 135.70, 1442.00, G4 RV Ceiling, 12.00,75
2025-08-11T16:38:01.741266,1754944681, 11.15, 128.50, 1412.00, G4 RV Ceiling, 12.00,75
2025-08-11T16:38:11.741719,1754944691, 11.14, 135.00, 1412.00, G4 RV Ceiling, 12.00,75
2025-08-11T16:38:21.741885,1754944701, 11.14, 130.70, 1392.00, G4 RV Ceiling, 12.00,75
2025-08-11T16:38:31.731002,1754944711, 11.14, 131.10, 1520.00, G4 RV Ceiling, 12.00,75
2025-08-11T16:38:41.740271,1754944721, 11.14, 132.10, 1402.00, G4 RV Ceiling, 12.00,75
2025-08-11T16:38:51.735264,1754944731, 11.14, 134.70, 1442.00, G4 RV Ceiling, 12.00,75
2025-08-11T16:39:01.741329,1754944741, 11.14, 125.70, 1484.00, G4 RV Ceiling, 12.00,75
2025-08-11T16:39:11.740715,1754944751, 11.14, 128.60, 1504.00, G4 RV Ceiling, 12.00,75
2025-08-11T16:39:21.734057,1754944761, 11.14, 133.80, 1514.00, G4 RV Ceiling, 12.00,75
2025-08-11T16:39:31.734530,1754944771, 11.14, 128.70, 1508.00, G4 RV Ceiling, 12.00,75
2025-08-11T16:39:41.738991,1754944781, 11.14, 128.10, 1500.00, G4 RV Ceiling, 12.00,75
2025-08-11T16:39:51.738081,1754944791, 11.14, 133.80, 1400.00, G4 RV Ceiling, 12.00,75
2025-08-11T16:40:01.741080,1754944801, 11.13, 135.80, 1422.00, G4 RV Ceiling, 12.00,75
2025-08-11T16:40:11.737849,1754944811, 11.13, 132.00, 1406.00, G4 RV Ceiling, 12.00,75
2025-08-11T16:40:21.731774,1754944821, 11.14, 127.00, 1426.00, G4 RV Ceiling, 12.00,75
2025-08-11T16:40:31.739399,1754944831, 11.13, 136.00, 1438.00, G4 RV Ceiling, 12.00,75
2025-08-11T16:40:41.740554,1754944841, 11.14, 135.80, 1416.00, G4 RV Ceiling, 12.00,75
2025-08-11T16:40:51.732908,1754944851, 11.13, 133.80, 1514.00, G4 RV Ceiling, 12.00,75
2025-08-11T16:41:01.739746,1754944861, 11.14, 127.70, 1504.00, G4 RV Ceiling, 12.00,75
2025-08-11T16:41:11.738927,1754944871, 11.13, 133.50, 1510.00, G4 RV Ceiling, 12.00,75
2025-08-11T16:41:21.738829,1754944881, 11.14, 127.10, 1490.00, G4 RV Ceiling, 12.00,75
2025-08-11T16:41:31.739133,1754944891, 11.14, 128.10, 1422.00, G4 RV Ceiling, 12.00,75
2025-08-11T16:41:41.731706,1754944901, 11.13, 135.90, 1432.00, G4 RV Ceiling, 12.00,75
2025-08-11T16:41:51.738341,1754944911, 11.14, 126.60, 1428.00, G4 RV Ceiling, 12.00,75
2025-08-11T16:42:01.735883,1754944921, 11.14, 128.10, 1498.00, G4 RV Ceiling, 12.00,75
2025-08-11T16:42:11.738078,1754944931, 11.13, 133.00, 1422.00, G4 RV Ceiling, 12.00,75
2025-08-11T16:42:21.734001,1754944941, 11.14, 126.00, 1484.00, G4 RV Ceiling, 12.00,75
2025-08-11T16:48:54.169577,1754944951, 11.13, 135.80, 1484.00, G4 RV Ceiling, 12.00,75
2025-08-11T16:48:54.238021,1754944961, 11.12, 135.70, 1446.00, G4 RV Ceiling, 12.00,75
2025-08-11T16:48:54.318482,1754944971, 11.14, 127.20, 1494.00, G4 RV Ceiling, 12.00,75
2025-08-11T16:48:54.412881,1754944981, 11.13, 136.00, 1446.00, G4 RV Ceiling, 12.00,75
2025-08-11T16:48:54.637521,1754944991, 11.14, 127.00, 1488.00, G4 RV Ceiling, 12.00,75
2025-08-11T16:48:54.683794,1754945001, 11.13, 133.40, 1418.00, G4 RV Ceiling, 12.00,75
2025-08-11T16:48:54.903799,1754945011, 11.13, 127.80, 1500.00, G4 RV Ceiling, 12.00,75
2025-08-11T16:48:55.151185,1754945021, 11.13, 130.50, 1510.00, G4 RV Ceiling, 12.00,75
2025-08-11T16:48:55.469858,54945031, 11.14, 125.50, 1462.00, G4 RV Ceiling, 12.00,75
2025-08-11T16:48:55.630575,1754945041, 11.13, 127.90, 1416.00, G4 RV Ceiling, 12.00,75
2025-08-11T16:48:55.929937,1754945051, 11.12, 133.70, 1518.00, G4 RV Ceiling, 12.00,75
2025-08-11T16:48:56.055850,1754945061, 11.13, 126.20, 1478.00, G4 RV Ceiling, 12.00,75
2025-08-11T16:48:56.179631,1754945071, 11.14, 125.50, 1474.00, G4 RV Ceiling, 12.00,75
2025-08-11T16:48:56.422783,1754945081, 11.14, 128.60, 1412.00, G4 RV Ceiling, 12.00,75
2025-08-11T16:48:56.615314,1754945091, 11.13, 128.20, 1472.00, G4 RV Ceiling, 12.00,75
2025-08-11T16:48:56.757745,1754945101, 11.14, 126.20, 1484.00, G4 RV Ceiling, 12.00,75
2025-08-11T16:48:56.958038,1754945111, 11.13, 129.90, 1510.00, G4 RV Ceiling, 12.00,75
2025-08-11T16:48:57.861767,1754945121, 11.12, 132.40, 1400.00, G4 RV Ceiling, 12.00,75
2025-08-11T16:48:58.437248,1754945131, 11.12, 136.40, 1412.00, G4 RV Ceiling, 12.00,75
2025-08-11T16:48:58.715777,1754945141, 11.13, 130.70, 1402.00, G4 RV Ceiling, 12.00,75
2025-08-11T16:48:58.968863,1754945151, 11.13, 127.30, 1498.00, G4 RV Ceiling, 12.00,75
2025-08-11T16:48:59.121262,1754945161, 11.12, 136.40, 1458.00, G4 RV Ceiling, 12.00,75
2025-08-11T16:48:59.234023,1754945171, 11.13, 129.00, 1504.00, G4 RV Ceiling, 12.00,75
2025-08-11T16:48:59.349982,1754945181, 11.13, 127.10, 1494.00, G4 RV Ceiling, 12.00,75
2025-08-11T16:48:59.549769,1754945191, 11.14, 125.90, 1464.00, G4 RV Ceiling, 12.00,75
2025-08-11T16:48:59.836355,754945201, 11.12, 136.00, 1454.00, G4 RV Ceiling, 12.00,75
2025-08-11T16:49:00.034953,1754945211, 11.13, 131.80, 1482.00, G4 RV Ceiling, 12.00,75
2025-08-11T16:49:00.260548,1754945221, 11.12, 128.80, 1490.00, G4 RV Ceiling, 12.00,75
2025-08-11T16:49:00.503295,1754945231, 11.12, 132.80, 1464.00, G4 RV Ceiling, 12.00,75
2025-08-11T16:49:00.656485,1754945241, 11.13, 127.30, 1498.00, G4 RV Ceiling, 12.00,75
2025-08-11T16:49:00.828325,1754945251, 11.12, 132.60, 1400.00, G4 RV Ceiling, 12.00,75
2025-08-11T16:49:00.886906,1754945261, 11.12, 131.10, 1426.00, G4 RV Ceiling, 12.00,75
2025-08-11T16:49:01.461798,timestamp,voltage,current,power, brand, rated_voltage,75
2025-08-11T16:49:04.422370,1754945343, 11.12, 127.20, 1428.00, G4 RV Ceiling, 12.00,75
2025-08-11T16:49:14.416176,1754945353, 11.13, 125.80, 1454.00, G4 RV Ceiling, 12.00,75
2025-08-11T16:49:24.418791,1754945363, 11.12, 126.60, 1510.00, G4 RV Ceiling, 12.00,75
2025-08-11T16:49:34.425069,1754945373, 11.12, 133.00, 1518.00, G4 RV Ceiling, 12.00,75
2025-08-11T16:49:44.418659,1754945383, 11.12, 134.40, 1500.00, G4 RV Ceiling, 12.00,75
2025-08-11T16:51:07.172089,1754945466, 9.13, 140.50, 1356.00, G4 RV Ceiling, 12.00,50
2025-08-11T16:51:17.176835,1754945476, 9.13, 143.30, 1366.00, G4 RV Ceiling, 12.00,50
2025-08-11T16:51:27.171018,1754945486, 9.14, 142.60, 1364.00, G4 RV Ceiling, 12.00,50
2025-08-11T16:51:37.172300,1754945496, 9.13, 148.50, 1328.00, G4 RV Ceiling, 12.00,50
2025-08-11T16:51:47.177803,1754945506, 9.14, 148.50, 1278.00, G4 RV Ceiling, 12.00,50
2025-08-11T16:51:57.178635,1754945516, 9.13, 143.50, 1366.00, G4 RV Ceiling, 12.00,50
2025-08-11T16:52:07.165707,1754945526, 9.14, 147.20, 1298.00, G4 RV Ceiling, 12.00,50
2025-08-11T16:52:17.177128,1754945536, 9.14, 145.20, 1308.00, G4 RV Ceiling, 12.00,50
2025-08-11T16:52:27.175808,1754945546, 9.13, 150.20, 1282.00, G4 RV Ceiling, 12.00,50
2025-08-11T16:52:37.168171,1754945556, 9.13, 146.40, 1350.00, G4 RV Ceiling, 12.00,50
2025-08-11T16:52:47.174375,1754945566, 9.14, 144.70, 1304.00, G4 RV Ceiling, 12.00,50
2025-08-11T16:52:57.173556,1754945576, 9.14, 149.30, 1344.00, G4 RV Ceiling, 12.00,50
2025-08-11T16:53:07.177064,1754945586, 9.14, 139.50, 1320.00, G4 RV Ceiling, 12.00,50
2025-08-11T16:53:17.178693,1754945596, 9.13, 148.10, 1282.00, G4 RV Ceiling, 12.00,50
2025-08-11T16:53:27.164445,1754945606, 9.14, 139.80, 1346.00, G4 RV Ceiling, 12.00,50
2025-08-11T16:53:37.167555,754945616, 9.12, 144.30, 1294.00, G4 RV Ceiling, 12.00,50
2025-08-11T16:53:47.178755,1754945626, 9.14, 140.90, 1318.00, G4 RV Ceiling, 12.00,50
2025-08-11T16:53:57.169733,1754945636, 9.13, 140.20, 1320.00, G4 RV Ceiling, 12.00,50
2025-08-11T16:54:07.170544,1754945646, 9.13, 148.50, 1272.00, G4 RV Ceiling, 12.00,50
2025-08-11T16:54:17.179055,1754945656, 9.13, 147.50, 1278.00, G4 RV Ceiling, 12.00,50
2025-08-11T16:54:27.178209,1754945666, 9.12, 147.20, 1328.00, G4 RV Ceiling, 12.00,50
2025-08-11T16:54:37.178550,1754945676, 9.13, 138.90, 1336.00, G4 RV Ceiling, 12.00,50
2025-08-11T16:54:47.165022,1754945686, 9.12, 145.50, 1320.00, G4 RV Ceiling, 12.00,50
2025-08-11T16:54:57.177395,1754945696, 9.14, 147.90, 1300.00, G4 RV Ceiling, 12.00,50
2025-08-11T16:55:07.167523,1754945706, 9.12, 145.50, 1340.00, G4 RV Ceiling, 12.00,50
2025-08-11T16:55:17.167081,1754945716, 9.12, 149.20, 1308.00, G4 RV Ceiling, 12.00,50
2025-08-11T16:55:27.168400,1754945726, 9.14, 148.00, 1336.00, G4 RV Ceiling, 12.00,50
2025-08-11T16:55:37.178176,1754945736, 9.12, 145.50, 1334.00, G4 RV Ceiling, 12.00,50
2025-08-11T16:55:47.177172,1754945746, 9.12, 138.10, 1288.00, G4 RV Ceiling, 12.00,50
2025-08-11T16:55:57.177563,1754945756, 9.12, 148.50, 1272.00, G4 RV Ceiling, 12.00,50
2025-08-11T16:56:07.167167,1754945766, 9.13, 147.50, 1282.00, G4 RV Ceiling, 12.00,50
2025-08-11T16:56:17.177881,1754945776, 9.14, 139.60, 1320.00, G4 RV Ceiling, 12.00,50
2025-08-11T16:56:27.166660,1754945786, 9.13, 142.70, 1320.00, G4 RV Ceiling, 12.00,50
2025-08-11T16:56:37.171757,1754945796, 9.13, 141.10, 1292.00, G4 RV Ceiling, 12.00,50
2025-08-11T16:56:47.178159,1754945806, 9.13, 141.80, 1354.00, G4 RV Ceiling, 12.00,50
2025-08-11T16:56:57.173187,1754945816, 9.13, 138.60, 1350.00, G4 RV Ceiling, 12.00,50
2025-08-11T16:57:07.177825,1754945826, 9.13, 148.40, 1264.00, G4 RV Ceiling, 12.00,50
2025-08-11T16:57:17.174871,1754945836, 9.12, 147.60, 1292.00, G4 RV Ceiling, 12.00,50
2025-08-11T16:57:27.165114,1754945846, 9.12, 141.90, 1318.00, G4 RV Ceiling, 12.00,50
2025-08-11T16:57:37.177425,1754945856, 9.12, 143.70, 1344.00, G4 RV Ceiling, 12.00,50
2025-08-11T16:57:47.165433,1754945866, 9.13, 141.30, 1354.00, G4 RV Ceiling, 12.00,50
2025-08-11T16:57:57.176561,1754945876, 9.13, 137.20, 1340.00, G4 RV Ceiling, 12.00,50
2025-08-11T16:58:07.177071,754945886, 9.12, 144.20, 1350.00, G4 RV Ceiling, 12.00,50
2025-08-11T16:58:17.173407,54945896, 9.13, 147.80, 1262.00, G4 RV Ceiling, 12.00,50
2025-08-11T16:58:27.176360,1754945906, 9.13, 141.40, 1300.00, G4 RV Ceiling, 12.00,50
2025-08-11T16:58:37.177661,1754945916, 9.12, 146.80, 1308.00, G4 RV Ceiling, 12.00,50
2025-08-11T16:58:47.175111,1754945926, 9.13, 148.10, 1252.00, G4 RV Ceiling, 12.00,50
2025-08-11T16:58:57.167631,1754945936, 9.12, 146.50, 1310.00, G4 RV Ceiling, 12.00,50
2025-08-11T16:59:07.164322,1754945946, 9.12, 147.50, 1264.00, G4 RV Ceiling, 12.00,50
2025-08-11T16:59:17.176800,1754945956, 9.12, 148.10, 1298.00, G4 RV Ceiling, 12.00,50
2025-08-11T16:59:27.169816,1754945966, 9.13, 144.90, 1272.00, G4 RV Ceiling, 12.00,50
2025-08-11T16:59:37.173225,1754945976, 9.12, 146.30, 1272.00, G4 RV Ceiling, 12.00,50
2025-08-11T16:59:47.174793,1754945986, 9.13, 139.40, 1344.00, G4 RV Ceiling, 12.00,50
2025-08-11T16:59:57.177349,1754945996, 9.12, 147.60, 1274.00, G4 RV Ceiling, 12.00,50
2025-08-11T17:00:07.173651,1754946006, 9.13, 138.00, 1324.00, G4 RV Ceiling, 12.00,50
2025-08-11T17:00:17.176208,1754946016, 9.12, 139.20, 1354.00, G4 RV Ceiling, 12.00,50
2025-08-11T17:00:27.164437,1754946026, 9.13, 141.50, 1298.00, G4 RV Ceiling, 12.00,50
2025-08-11T17:00:37.176413,1754946036, 9.13, 138.30, 1346.00, G4 RV Ceiling, 12.00,50
2025-08-11T17:00:47.174994,1754946046, 9.12, 139.10, 1350.00, G4 RV Ceiling, 12.00,50
2025-08-11T17:00:57.172368,1754946056, 9.13, 142.40, 1274.00, G4 RV Ceiling, 12.00,50
2025-08-11T17:01:07.174026,1754946066, 9.12, 142.80, 1346.00, G4 RV Ceiling, 12.00,50
2025-08-11T17:01:17.162065,1754946076, 9.12, 146.90, 1248.00, G4 RV Ceiling, 12.00,50
2025-08-11T17:01:27.170102,1754946086, 9.12, 144.50, 1344.00, G4 RV Ceiling, 12.00,50
2025-08-11T17:01:37.175908,1754946096, 9.12, 147.80, 1262.00, G4 RV Ceiling, 12.00,50
2025-08-11T17:01:47.173142,1754946106, 9.12, 146.70, 1324.00, G4 RV Ceiling, 12.00,50
2025-08-11T17:01:57.170046,1754946116, 9.13, 140.30, 1298.00, G4 RV Ceiling, 12.00,50
2025-08-11T17:02:07.173053,1754946126, 9.12, 143.20, 1346.00, G4 RV Ceiling, 12.00,50
2025-08-11T17:02:17.175847,1754946136, 9.13, 138.20, 1314.00, G4 RV Ceiling, 12.00,50
2025-08-11T17:02:27.174841,1754946146, 9.12, 146.70, 1282.00, G4 RV Ceiling, 12.00,50
2025-08-11T17:02:37.175570,1754946156, 9.13, 136.90, 1336.00, G4 RV Ceiling, 12.00,50
2025-08-11T17:02:47.175489,1754946166, 9.12, 144.50, 1334.00, G4 RV Ceiling, 12.00,50
2025-08-11T17:02:57.164508,1754946176, 9.12, 138.00, 1314.00, G4 RV Ceiling, 12.00,50
2025-08-11T17:03:07.164042,1754946186, 9.13, 138.30, 1340.00, G4 RV Ceiling, 12.00,50
2025-08-11T17:03:17.169533,1754946196, 9.13, 138.70, 1330.00, G4 RV Ceiling, 12.00,50
2025-08-11T17:03:27.169783,1754946206, 9.13, 147.30, 1318.00, G4 RV Ceiling, 12.00,50
2025-08-11T17:03:37.172171,1754946216, 9.13, 144.50, 1258.00, G4 RV Ceiling, 12.00,50
2025-08-11T17:03:47.174562,1754946226, 9.12, 142.70, 1340.00, G4 RV Ceiling, 12.00,50
2025-08-11T17:03:57.175011,1754946236, 9.12, 137.90, 1318.00, G4 RV Ceiling, 12.00,50
2025-08-11T17:04:07.172917,1754946246, 9.12, 141.80, 1344.00, G4 RV Ceiling, 12.00,50
2025-08-11T17:04:17.172528,1754946256, 9.12, 139.80, 1346.00, G4 RV Ceiling, 12.00,50
2025-08-11T17:04:27.165302,1754946266, 9.12, 140.00, 1340.00, G4 RV Ceiling, 12.00,50
2025-08-11T17:04:37.166668,1754946276, 9.12, 146.80, 1274.00, G4 RV Ceiling, 12.00,50
2025-08-11T17:04:47.171035,1754946286, 9.12, 146.90, 1304.00, G4 RV Ceiling, 12.00,50
2025-08-11T17:04:57.175141,1754946296, 9.13, 142.40, 1272.00, G4 RV Ceiling, 12.00,50
2025-08-11T17:05:07.174724,1754946306, 9.12, 138.90, 1334.00, G4 RV Ceiling, 12.00,50
2025-08-11T17:05:17.173999,1754946316, 9.13, 137.90, 1324.00, G4 RV Ceiling, 12.00,50
2025-08-11T17:05:27.167813,1754946326, 9.12, 147.50, 1258.00, G4 RV Ceiling, 12.00,50
2025-08-11T17:05:37.165089,1754946336, 9.12, 148.10, 1292.00, G4 RV Ceiling, 12.00,50
2025-08-11T17:05:47.167541,1754946346, 9.12, 147.40, 1248.00, G4 RV Ceiling, 12.00,50
2025-08-11T17:05:57.170328,1754946356, 9.12, 147.30, 1272.00, G4 RV Ceiling, 12.00,50
2025-08-11T17:06:07.172697,1754946366, 9.12, 142.60, 1340.00, G4 RV Ceiling, 12.00,50
2025-08-11T17:06:17.173829,1754946376, 9.12, 144.90, 1262.00, G4 RV Ceiling, 12.00,50
2025-08-11T17:06:27.169955,54946386, 9.12, 146.10, 1310.00, G4 RV Ceiling, 12.00,50
2025-08-11T17:06:37.172181,1754946396, 9.12, 146.80, 1272.00, G4 RV Ceiling, 12.00,50
2025-08-11T17:06:47.174519,1754946406, 9.13, 139.20, 1300.00, G4 RV Ceiling, 12.00,50
2025-08-11T17:06:57.164103,1754946416, 9.12, 145.30, 1314.00, G4 RV Ceiling, 12.00,50
2025-08-11T17:07:07.162869,1754946426, 9.12, 141.60, 1344.00, G4 RV Ceiling, 12.00,50
2025-08-11T17:07:17.166791,1754946436, 9.12, 144.60, 1252.00, G4 RV Ceiling, 12.00,50
2025-08-11T17:07:27.173022,1754946446, 9.12, 139.20, 1340.00, G4 RV Ceiling, 12.00,50
2025-08-11T17:07:37.172157,1754946456, 9.13, 141.00, 1292.00, G4 RV Ceiling, 12.00,50
2025-08-11T17:11:41.668243,1754946700, 7.96, 4.30, 30.00, G4 RV Ceiling, 12.00,25
2025-08-11T17:11:51.664441,1754946710, 7.98, 4.80, 30.00, G4 RV Ceiling, 12.00,25
2025-08-11T17:12:01.672879,1754946720, 7.96, 3.70, 36.00, G4 RV Ceiling, 12.00,25
2025-08-11T17:12:11.668032,1754946730, 7.96, 3.70, 26.00, G4 RV Ceiling, 12.00,25
2025-08-11T17:12:21.672116,1754946740, 7.98, 4.00, 30.00, G4 RV Ceiling, 12.00,25
2025-08-11T17:12:31.670097,1754946750, 7.97, 3.90, 22.00, G4 RV Ceiling, 12.00,25
2025-08-11T17:12:41.672337,1754946760, 7.98, 4.00, 26.00, G4 RV Ceiling, 12.00,25
2025-08-11T17:12:51.667355,1754946770, 7.96, 3.10, 22.00, G4 RV Ceiling, 12.00,25
2025-08-11T17:13:01.661099,1754946780, 7.98, 3.30, 22.00, G4 RV Ceiling, 12.00,25
2025-08-11T17:13:11.670860,1754946790, 7.96, 2.70, 20.00, G4 RV Ceiling, 12.00,25
2025-08-11T17:13:21.671961,754946800, 7.98, 4.00, 22.00, G4 RV Ceiling, 12.00,25
2025-08-11T17:13:31.670792,1754946810, 7.95, 2.50, 32.00, G4 RV Ceiling, 12.00,25
2025-08-11T17:13:41.668497,1754946820, 7.98, 2.10, 20.00, G4 RV Ceiling, 12.00,25
2025-08-11T17:13:51.672148,1754946830, 7.97, 2.70, 16.00, G4 RV Ceiling, 12.00,25
2025-08-11T17:14:01.671407,1754946840, 7.98, 3.80, 22.00, G4 RV Ceiling, 12.00,25
2025-08-11T17:14:11.662236,1754946850, 7.96, 2.30, 26.00, G4 RV Ceiling, 12.00,25
2025-08-11T17:14:21.667416,1754946860, 7.96, 2.60, 20.00, G4 RV Ceiling, 12.00,25
2025-08-11T17:14:31.668820,1754946870, 7.98, 2.50, 22.00, G4 RV Ceiling, 12.00,25
2025-08-11T17:14:41.664014,1754946880, 7.96, 2.20, 30.00, G4 RV Ceiling, 12.00,25
2025-08-11T17:14:51.664149,1754946890, 7.99, 2.30, 22.00, G4 RV Ceiling, 12.00,25
2025-08-11T17:15:01.668460,1754946900, 7.97, 2.60, 16.00, G4 RV Ceiling, 12.00,25
2025-08-11T17:15:11.667729,1754946910, 7.96, 2.50, 16.00, G4 RV Ceiling, 12.00,25
2025-08-11T17:15:21.669568,1754946920, 7.96, 2.50, 16.00, G4 RV Ceiling, 12.00,25
2025-08-11T17:15:31.668116,1754946930, 7.96, 2.50, 16.00, G4 RV Ceiling, 12.00,25
2025-08-11T17:15:41.666109,1754946940, 7.97, 2.00, 26.00, G4 RV Ceiling, 12.00,25
2025-08-11T17:15:51.663491,1754946950, 7.98, 2.70, 20.00, G4 RV Ceiling, 12.00,25
2025-08-11T17:16:01.670439,1754946960, 7.98, 3.20, 20.00, G4 RV Ceiling, 12.00,25
2025-08-11T17:16:11.666050,1754946970, 7.97, 2.40, 16.00, G4 RV Ceiling, 12.00,25
2025-08-11T17:16:21.664816,1754946980, 7.98, 3.10, 20.00, G4 RV Ceiling, 12.00,25
2025-08-11T17:16:31.667909,1754946990, 7.97, 2.50, 16.00, G4 RV Ceiling, 12.00,25
2025-08-11T17:16:41.664866,1754947000, 7.98, 2.80, 20.00, G4 RV Ceiling, 12.00,25
2025-08-11T17:16:51.669201,1754947010, 7.97, 2.20, 16.00, G4 RV Ceiling, 12.00,25
2025-08-11T17:17:01.669276,1754947020, 7.97, 2.40, 16.00, G4 RV Ceiling, 12.00,25
2025-08-11T17:17:11.669190,1754947030, 7.97, 2.20, 20.00, G4 RV Ceiling, 12.00,25
2025-08-11T17:17:21.670669,1754947040, 7.97, 2.00, 26.00, G4 RV Ceiling, 12.00,25
2025-08-11T17:17:31.656068,1754947050, 7.99, 2.90, 20.00, G4 RV Ceiling, 12.00,25
2025-08-11T17:17:41.670652,754947060, 7.98, 2.30, 20.00, G4 RV Ceiling, 12.00,25
2025-08-11T17:17:51.661128,1754947070, 8.00, 2.20, 22.00, G4 RV Ceiling, 12.00,25
2025-08-11T17:18:01.667434,1754947080, 7.99, 3.20, 20.00, G4 RV Ceiling, 12.00,25
2025-08-11T17:18:11.666435,754947090, 7.97, 2.50, 20.00, G4 RV Ceiling, 12.00,25
2025-08-11T17:18:21.669459,1754947100, 7.97, 2.50, 16.00, G4 RV Ceiling, 12.00,25
2025-08-11T17:18:31.667294,1754947110, 7.98, 2.90, 20.00, G4 RV Ceiling, 12.00,25
2025-08-11T17:18:41.670081,754947120, 7.98, 2.00, 22.00, G4 RV Ceiling, 12.00,25
2025-08-11T17:18:51.656058,1754947130, 7.97, 2.40, 16.00, G4 RV Ceiling, 12.00,25
2025-08-11T17:19:01.665725,1754947140, 8.00, 2.90, 20.00, G4 RV Ceiling, 12.00,25
2025-08-11T17:19:11.668763,1754947150, 7.98, 2.40, 20.00, G4 RV Ceiling, 12.00,25
2025-08-11T17:19:21.667007,1754947160, 7.99, 2.00, 22.00, G4 RV Ceiling, 12.00,25
2025-08-11T17:19:31.667181,1754947170, 7.98, 2.70, 16.00, G4 RV Ceiling, 12.00,25
2025-08-11T17:19:41.670520,1754947180, 7.97, 2.10, 20.00, G4 RV Ceiling, 12.00,25
2025-08-11T17:19:51.669463,1754947190, 7.97, 2.40, 22.00, G4 RV Ceiling, 12.00,25
2025-08-11T17:20:01.669747,1754947200, 7.97, 2.10, 22.00, G4 RV Ceiling, 12.00,25
2025-08-11T17:20:11.657776,1754947210, 7.97, 2.60, 16.00, G4 RV Ceiling, 12.00,25
2025-08-11T17:20:21.659940,1754947220, 7.98, 2.60, 16.00, G4 RV Ceiling, 12.00,25
2025-08-11T17:20:31.661939,1754947230, 7.98, 2.40, 16.00, G4 RV Ceiling, 12.00,25
2025-08-11T17:20:41.665780,1754947240, 7.96, 2.30, 26.00, G4 RV Ceiling, 12.00,25
2025-08-11T17:20:51.666625,1754947250, 7.99, 2.90, 20.00, G4 RV Ceiling, 12.00,25
2025-08-11T17:21:01.666615,1754947260, 7.98, 2.70, 20.00, G4 RV Ceiling, 12.00,25
2025-08-11T17:21:11.666266,1754947270, 7.98, 2.80, 16.00, G4 RV Ceiling, 12.00,25
2025-08-11T17:21:21.668818,1754947280, 7.98, 1.80, 26.00, G4 RV Ceiling, 12.00,25
2025-08-11T17:21:31.669199,1754947290, 7.97, 2.40, 22.00, G4 RV Ceiling, 12.00,25
2025-08-11T17:21:41.661974,1754947300, 7.98, 2.80, 20.00, G4 RV Ceiling, 12.00,25
2025-08-11T17:21:51.665688,1754947310, 7.98, 2.30, 20.00, G4 RV Ceiling, 12.00,25
2025-08-11T17:22:01.667712,1754947320, 7.96, 2.30, 26.00, G4 RV Ceiling, 12.00,25
2025-08-11T17:22:11.668803,1754947330, 7.97, 2.30, 16.00, G4 RV Ceiling, 12.00,25
2025-08-11T17:22:21.668197,1754947340, 7.99, 3.20, 20.00, G4 RV Ceiling, 12.00,25
2025-08-11T17:22:31.655969,1754947350, 7.98, 2.80, 20.00, G4 RV Ceiling, 12.00,25
2025-08-11T17:22:41.659815,1754947360, 7.98, 3.00, 20.00, G4 RV Ceiling, 12.00,25
2025-08-11T17:22:51.659607,54947370, 7.97, 2.30, 16.00, G4 RV Ceiling, 12.00,25
2025-08-11T17:23:01.662559,1754947380, 7.97, 2.30, 22.00, G4 RV Ceiling, 12.00,25
2025-08-11T17:23:11.666589,1754947390, 7.97, 2.10, 26.00, G4 RV Ceiling, 12.00,25
2025-08-11T17:23:21.660481,1754947400, 8.00, 2.50, 22.00, G4 RV Ceiling, 12.00,25
2025-08-11T17:23:31.664876,1754947410, 8.00, 2.60, 22.00, G4 RV Ceiling, 12.00,25
2025-08-11T17:23:41.665845,1754947420, 8.00, 2.70, 22.00, G4 RV Ceiling, 12.00,25
2025-08-11T17:23:51.664438,1754947430, 7.97, 2.20, 22.00, G4 RV Ceiling, 12.00,25
2025-08-11T17:24:01.664238,1754947440, 8.00, 2.50, 22.00, G4 RV Ceiling, 12.00,25
2025-08-11T17:24:11.666006,1754947450, 7.97, 1.90, 26.00, G4 RV Ceiling, 12.00,25
2025-08-11T17:24:21.663296,1754947460, 7.96, 2.80, 20.00, G4 RV Ceiling, 12.00,25
2025-08-11T17:24:31.661126,1754947470, 7.98, 2.50, 16.00, G4 RV Ceiling, 12.00,25
2025-08-11T17:24:41.665676,1754947480, 8.00, 2.40, 22.00, G4 RV Ceiling, 12.00,25
2025-08-11T17:24:51.666582,1754947490, 7.97, 2.10, 22.00, G4 RV Ceiling, 12.00,25
2025-08-11T17:25:01.667587,1754947500, 7.98, 2.00, 20.00, G4 RV Ceiling, 12.00,25
2025-08-11T17:25:11.661546,1754947510, 7.97, 2.20, 16.00, G4 RV Ceiling, 12.00,25
2025-08-11T17:25:21.660857,1754947520, 7.99, 3.30, 22.00, G4 RV Ceiling, 12.00,25
2025-08-11T17:25:31.665636,1754947530, 7.99, 3.00, 20.00, G4 RV Ceiling, 12.00,25
2025-08-11T17:25:41.655777,1754947540, 8.00, 2.20, 22.00, G4 RV Ceiling, 12.00,25
2025-08-11T17:25:51.665159,1754947550, 7.98, 3.30, 20.00, G4 RV Ceiling, 12.00,25
2025-08-11T17:26:01.662063,1754947560, 7.98, 3.20, 20.00, G4 RV Ceiling, 12.00,25
2025-08-11T17:26:11.666222,1754947570, 8.00, 2.80, 22.00, G4 RV Ceiling, 12.00,25
2025-08-11T17:26:21.667260,1754947580, 7.97, 2.90, 22.00, G4 RV Ceiling, 12.00,25
2025-08-11T17:26:31.653994,1754947590, 8.00, 3.40, 20.00, G4 RV Ceiling, 12.00,25
2025-08-11T17:26:41.663721,1754947600, 8.00, 3.30, 20.00, G4 RV Ceiling, 12.00,25
2025-08-11T17:26:51.663566,1754947610, 7.98, 2.20, 22.00, G4 RV Ceiling, 12.00,25
2025-08-11T17:27:01.667294,1754947620, 8.00, 2.80, 22.00, G4 RV Ceiling, 12.00,25
2025-08-11T17:27:11.659710,1754947630, 7.98, 2.50, 16.00, G4 RV Ceiling, 12.00,25
2025-08-11T17:27:21.665569,1754947640, 7.97, 2.50, 16.00, G4 RV Ceiling, 12.00,25
2025-08-11T17:27:31.666198,1754947650, 7.97, 2.30, 22.00, G4 RV Ceiling, 12.00,25
2025-08-11T17:27:41.657841,1754947660, 7.99, 2.10, 20.00, G4 RV Ceiling, 12.00,25
2025-08-11T17:27:51.652847,1754947670, 7.98, 2.40, 20.00, G4 RV Ceiling, 12.00,25
2025-08-11T17:28:01.665280,1754947680, 7.97, 3.00, 20.00, G4 RV Ceiling, 12.00,25
2025-08-11T17:28:11.652176,1754947690, 7.98, 2.20, 26.00, G4 RV Ceiling, 12.00,25
